gate,passed
gain_over_identity_residual_carry_positive,False
gain_over_identity_residual_carry_ci_above_zero,False
gain_over_identity_residual_carry_holm_p_at_most_005,False
gain_over_past_prototype_direct_positive,False
gain_over_past_prototype_direct_ci_above_zero,False
gain_over_past_prototype_direct_holm_p_at_most_005,False
gain_over_population_only_positive,False
gain_over_population_only_ci_above_zero,False
gain_over_population_only_holm_p_at_most_005,False
macro_f1_gain_over_identity_positive,False
nll_noninferior_within_001,True
identity_leave_one_subject_gain_positive,False
enrollment_subject_memory_permutation_p_at_most_005,False
enrollment_class_semantics_permutation_p_at_most_005,True
unpaired_source_session_map_p_at_most_005,False
median_selected_rank_at_most_3,True
at_least_4_of_6_ranks_at_most_3,True
full_ridge_noninferiority_margin_0005,False
exceeds_enrollment_pca,False
exceeds_random_rank_matched,False
correct_source_pairing_required,False
openbmi_gain_positive,True
openbmi_ci_above_zero,True
openbmi_p_at_most_005,True
