half,component,subject,J_s,T_J
A,sensor,1,-0.02897954683089754,0.08280633124228906
A,sensor,2,-0.22131908173481185,0.08280633124228906
A,sensor,3,0.5919608803197534,0.08280633124228906
A,sensor,4,-0.2813605744524945,0.08280633124228906
A,sensor,5,0.11326641852764263,0.08280633124228906
A,sensor,6,-0.4360354441311367,0.08280633124228906
A,sensor,7,-0.723695476638538,0.08280633124228906
A,sensor,8,-0.8230588504949217,0.08280633124228906
A,sensor,9,-0.039489155470944226,0.08280633124228906
A,sensor,10,-0.11356874719892085,0.08280633124228906
A,sensor,11,-0.19408575802611638,0.08280633124228906
A,sensor,12,-0.3168138797405806,0.08280633124228906
A,sensor,13,0.12313192849504295,0.08280633124228906
A,sensor,14,0.12033087754104144,0.08280633124228906
A,sensor,15,0.7791712160793429,0.08280633124228906
A,sensor,16,-0.19819208421691736,0.08280633124228906
A,sensor,17,0.050348511440071464,0.08280633124228906
A,sensor,18,0.5291800316531463,0.08280633124228906
A,sensor,19,2.350958227807342,0.08280633124228906
A,sensor,20,0.0071433529792939154,0.08280633124228906
A,sensor,21,0.3888438050143199,0.08280633124228906
A,sensor,22,1.4152192695180728,0.08280633124228906
A,sensor,23,0.9931598836251156,0.08280633124228906
A,sensor,24,-0.188092114207274,0.08280633124228906
A,sensor,25,-0.18269483464367386,0.08280633124228906
A,sensor,26,-0.03472655833024696,0.08280633124228906
A,sensor,27,-0.1285285363692832,0.08280633124228906
A,sensor,28,0.12800319109720215,0.08280633124228906
A,sensor,29,-0.05236533612702621,0.08280633124228906
A,sensor,30,0.4167343848107261,0.08280633124228906
A,sensor,31,-0.8761306540811369,0.08280633124228906
A,sensor,32,0.6661818274013245,0.08280633124228906
A,sensor,33,0.6940319312440693,0.08280633124228906
A,sensor,34,-0.16868947941494694,0.08280633124228906
A,sensor,35,0.07818350137012797,0.08280633124228906
A,sensor,36,0.2993361143848372,0.08280633124228906
A,sensor,37,-0.11592294913829515,0.08280633124228906
A,sensor,38,0.7144495302188489,0.08280633124228906
A,sensor,39,-0.1047772092303576,0.08280633124228906
A,sensor,40,0.20836902546985336,0.08280633124228906
A,sensor,41,-0.12358685312078155,0.08280633124228906
A,sensor,42,0.24971576806605533,0.08280633124228906
A,sensor,43,0.009242384943308979,0.08280633124228906
A,sensor,44,-1.2537497493340855,0.08280633124228906
A,sensor,45,1.1873552842661188,0.08280633124228906
A,sensor,46,0.18386614585633665,0.08280633124228906
A,sensor,47,1.2077321590437855,0.08280633124228906
A,sensor,48,-0.0918643444721825,0.08280633124228906
A,sensor,49,-2.1068268612229124,0.08280633124228906
A,sensor,50,0.5948506347481812,0.08280633124228906
A,sensor,51,-0.5362503675257952,0.08280633124228906
A,sensor,52,0.2841419902226514,0.08280633124228906
A,sensor,53,-0.7041763008832731,0.08280633124228906
A,sensor,54,0.13161435797754883,0.08280633124228906
A,full,1,0.06388091088747316,0.08160137819107005
A,full,2,-0.15135628629196707,0.08160137819107005
A,full,3,0.3606292358516031,0.08160137819107005
A,full,4,-0.17484006509204353,0.08160137819107005
A,full,5,-0.09167778328650755,0.08160137819107005
A,full,6,-0.46698431956828446,0.08160137819107005
A,full,7,-0.6377762404189251,0.08160137819107005
A,full,8,-0.5837200130443452,0.08160137819107005
A,full,9,0.010702638951272436,0.08160137819107005
A,full,10,-0.11212988480243691,0.08160137819107005
A,full,11,-0.11122474189853793,0.08160137819107005
A,full,12,-0.27530742080509585,0.08160137819107005
A,full,13,0.5554768924151743,0.08160137819107005
A,full,14,0.13826341649988683,0.08160137819107005
A,full,15,0.4758889845724219,0.08160137819107005
A,full,16,-0.19569438242210357,0.08160137819107005
A,full,17,0.15573528521364155,0.08160137819107005
A,full,18,0.40121686529921374,0.08160137819107005
A,full,19,2.175163344836807,0.08160137819107005
A,full,20,-0.14936568976313835,0.08160137819107005
A,full,21,0.35411798891822954,0.08160137819107005
A,full,22,1.3955683568877029,0.08160137819107005
A,full,23,0.8513247160816528,0.08160137819107005
A,full,24,-0.07921876435236364,0.08160137819107005
A,full,25,-0.014929984110937933,0.08160137819107005
A,full,26,0.1404602296120202,0.08160137819107005
A,full,27,-0.09827860675153,0.08160137819107005
A,full,28,-0.12546362255988874,0.08160137819107005
A,full,29,-0.19873073388672902,0.08160137819107005
A,full,30,0.2628931321069846,0.08160137819107005
A,full,31,-0.8620822042449112,0.08160137819107005
A,full,32,0.10620956927019665,0.08160137819107005
A,full,33,0.682669305784964,0.08160137819107005
A,full,34,-0.06901726977556355,0.08160137819107005
A,full,35,0.0772434950715093,0.08160137819107005
A,full,36,0.2592063806691497,0.08160137819107005
A,full,37,0.3071149385585791,0.08160137819107005
A,full,38,0.6332718831913209,0.08160137819107005
A,full,39,0.2938485841390175,0.08160137819107005
A,full,40,0.16701174359171844,0.08160137819107005
A,full,41,0.10860565707359005,0.08160137819107005
A,full,42,0.1468550702436935,0.08160137819107005
A,full,43,0.3581941271441601,0.08160137819107005
A,full,44,-1.2308599906680506,0.08160137819107005
A,full,45,0.8547666367042225,0.08160137819107005
A,full,46,0.06500344939382274,0.08160137819107005
A,full,47,0.8271540027569396,0.08160137819107005
A,full,48,-0.021831452795628148,0.08160137819107005
A,full,49,-1.8210715109733067,0.08160137819107005
A,full,50,0.42632993744564285,0.08160137819107005
A,full,51,-0.352809982920841,0.08160137819107005
A,full,52,0.15848768587354245,0.08160137819107005
A,full,53,-0.7589084798941488,0.08160137819107005
A,full,54,0.1764593875989151,0.08160137819107005
A,len,1,0.0008011647611477629,0.005125510973418612
A,len,2,-0.04561545695371163,0.005125510973418612
A,len,3,0.052305857728719,0.005125510973418612
A,len,4,-0.0187575362319546,0.005125510973418612
A,len,5,-0.014049541318674516,0.005125510973418612
A,len,6,0.013231011112898483,0.005125510973418612
A,len,7,0.011165320759398377,0.005125510973418612
A,len,8,-0.03965481676732128,0.005125510973418612
A,len,9,-0.029132260643800603,0.005125510973418612
A,len,10,0.0065519521161459815,0.005125510973418612
A,len,11,0.006279673473565638,0.005125510973418612
A,len,12,0.037630914012253616,0.005125510973418612
A,len,13,-0.12835430728665492,0.005125510973418612
A,len,14,0.0212274175989388,0.005125510973418612
A,len,15,-0.012957775517278128,0.005125510973418612
A,len,16,-0.019470628589556588,0.005125510973418612
A,len,17,0.0004523796806921304,0.005125510973418612
A,len,18,-0.04907190761734716,0.005125510973418612
A,len,19,0.06099825822531235,0.005125510973418612
A,len,20,0.03209612487346718,0.005125510973418612
A,len,21,0.06197803927909874,0.005125510973418612
A,len,22,-0.017946336649274468,0.005125510973418612
A,len,23,-0.0007385782803132068,0.005125510973418612
A,len,24,0.01134843976800947,0.005125510973418612
A,len,25,0.07976880143840612,0.005125510973418612
A,len,26,-0.12541564399413538,0.005125510973418612
A,len,27,0.012215343689459333,0.005125510973418612
A,len,28,0.008913016655447852,0.005125510973418612
A,len,29,-0.0843480130248318,0.005125510973418612
A,len,30,0.006500693883359776,0.005125510973418612
A,len,31,0.03315403779407036,0.005125510973418612
A,len,32,-0.027728055414627945,0.005125510973418612
A,len,33,-0.1984970738067222,0.005125510973418612
A,len,34,0.005118196687288287,0.005125510973418612
A,len,35,-0.0012330242291271193,0.005125510973418612
A,len,36,0.014070991496515313,0.005125510973418612
A,len,37,0.02471453821318932,0.005125510973418612
A,len,38,0.02026801940736367,0.005125510973418612
A,len,39,0.06084790240977721,0.005125510973418612
A,len,40,0.051581981594495105,0.005125510973418612
A,len,41,0.01063990766010503,0.005125510973418612
A,len,42,0.06332998460357536,0.005125510973418612
A,len,43,0.08395344414310882,0.005125510973418612
A,len,44,0.2677415881794094,0.005125510973418612
A,len,45,0.13252462769255038,0.005125510973418612
A,len,46,-0.0017831810068000414,0.005125510973418612
A,len,47,-0.04167650569009557,0.005125510973418612
A,len,48,-0.07621595128019612,0.005125510973418612
A,len,49,0.011124018467841168,0.005125510973418612
A,len,50,0.002892718065286487,0.005125510973418612
A,len,51,0.018894520370897047,0.005125510973418612
A,len,52,-0.03425308662051825,0.005125510973418612
A,len,53,0.0200551172470428,0.005125510973418612
A,len,54,-0.0006987296012897284,0.005125510973418612
A,ang,1,0.06307974612632627,0.0764758672176515
A,ang,2,-0.10574082933825568,0.0764758672176515
A,ang,3,0.3083233781228837,0.0764758672176515
A,ang,4,-0.1560825288600889,0.0764758672176515
A,ang,5,-0.07762824196783358,0.0764758672176515
A,ang,6,-0.48021533068118216,0.0764758672176515
A,ang,7,-0.6489415611783234,0.0764758672176515
A,ang,8,-0.5440651962770232,0.0764758672176515
A,ang,9,0.039834899595072804,0.0764758672176515
A,ang,10,-0.11868183691858325,0.0764758672176515
A,ang,11,-0.11750441537210377,0.0764758672176515
A,ang,12,-0.312938334817349,0.0764758672176515
A,ang,13,0.6838311997018295,0.0764758672176515
A,ang,14,0.11703599890094751,0.0764758672176515
A,ang,15,0.4888467600897004,0.0764758672176515
A,ang,16,-0.17622375383254718,0.0764758672176515
A,ang,17,0.15528290553294943,0.0764758672176515
A,ang,18,0.4502887729165608,0.0764758672176515
A,ang,19,2.114165086611495,0.0764758672176515
A,ang,20,-0.1814618146366056,0.0764758672176515
A,ang,21,0.2921399496391315,0.0764758672176515
A,ang,22,1.4135146935369773,0.0764758672176515
A,ang,23,0.852063294361967,0.0764758672176515
A,ang,24,-0.09056720412037278,0.0764758672176515
A,ang,25,-0.09469878554934408,0.0764758672176515
A,ang,26,0.26587587360615483,0.0764758672176515
A,ang,27,-0.11049395044098909,0.0764758672176515
A,ang,28,-0.1343766392153365,0.0764758672176515
A,ang,29,-0.11438272086189716,0.0764758672176515
A,ang,30,0.2563924382236247,0.0764758672176515
A,ang,31,-0.8952362420389814,0.0764758672176515
A,ang,32,0.1339376246848244,0.0764758672176515
A,ang,33,0.8811663795916862,0.0764758672176515
A,ang,34,-0.07413546646285141,0.0764758672176515
A,ang,35,0.07847651930063604,0.0764758672176515
A,ang,36,0.24513538917263467,0.0764758672176515
A,ang,37,0.28240040034538993,0.0764758672176515
A,ang,38,0.6130038637839568,0.0764758672176515
A,ang,39,0.2330006817292397,0.0764758672176515
A,ang,40,0.11542976199722343,0.0764758672176515
A,ang,41,0.09796574941348457,0.0764758672176515
A,ang,42,0.0835250856401184,0.0764758672176515
A,ang,43,0.2742406830010513,0.0764758672176515
A,ang,44,-1.4986015788474605,0.0764758672176515
A,ang,45,0.7222420090116718,0.0764758672176515
A,ang,46,0.06678663040062172,0.0764758672176515
A,ang,47,0.8688305084470351,0.0764758672176515
A,ang,48,0.05438449848456817,0.0764758672176515
A,ang,49,-1.8321955294411476,0.0764758672176515
A,ang,50,0.42343721938035606,0.0764758672176515
A,ang,51,-0.3717045032917383,0.0764758672176515
A,ang,52,0.19274077249406085,0.0764758672176515
A,ang,53,-0.7789635971411915,0.0764758672176515
A,ang,54,0.17715811720020447,0.0764758672176515
A,ori,1,-0.09286045771837181,0.001204953051219268
A,ori,2,-0.06996279544284545,0.001204953051219268
A,ori,3,0.2313316444681509,0.001204953051219268
A,ori,4,-0.10652050936044988,0.001204953051219268
A,ori,5,0.20494420181415252,0.001204953051219268
A,ori,6,0.030948875437148304,0.001204953051219268
A,ori,7,-0.0859192362196124,0.001204953051219268
A,ori,8,-0.23933883745057694,0.001204953051219268
A,ori,9,-0.050191794422215885,0.001204953051219268
A,ori,10,-0.0014388623964833869,0.001204953051219268
A,ori,11,-0.08286101612757868,0.001204953051219268
A,ori,12,-0.041506458935484436,0.001204953051219268
A,ori,13,-0.432344963920131,0.001204953051219268
A,ori,14,-0.01793253895884528,0.001204953051219268
A,ori,15,0.3032822315069209,0.001204953051219268
A,ori,16,-0.002497701794813678,0.001204953051219268
A,ori,17,-0.1053867737735702,0.001204953051219268
A,ori,18,0.12796316635393234,0.001204953051219268
A,ori,19,0.17579488297053447,0.001204953051219268
A,ori,20,0.1565090427424325,0.001204953051219268
A,ori,21,0.03472581609609038,0.001204953051219268
A,ori,22,0.019650912630369666,0.001204953051219268
A,ori,23,0.1418351675434626,0.001204953051219268
A,ori,24,-0.10887334985490993,0.001204953051219268
A,ori,25,-0.1677648505327357,0.001204953051219268
A,ori,26,-0.1751867879422666,0.001204953051219268
A,ori,27,-0.03024992961775297,0.001204953051219268
A,ori,28,0.25346681365709145,0.001204953051219268
A,ori,29,0.14636539775970137,0.001204953051219268
A,ori,30,0.15384125270374294,0.001204953051219268
A,ori,31,-0.014048449836225885,0.001204953051219268
A,ori,32,0.5599722581311284,0.001204953051219268
A,ori,33,0.011362625459105491,0.001204953051219268
A,ori,34,-0.09967220963938406,0.001204953051219268
A,ori,35,0.0009400062986189006,0.001204953051219268
A,ori,36,0.04012973371568762,0.001204953051219268
A,ori,37,-0.42303788769687367,0.001204953051219268
A,ori,38,0.08117764702752894,0.001204953051219268
A,ori,39,-0.398625793369374,0.001204953051219268
A,ori,40,0.041357281878134144,0.001204953051219268
A,ori,41,-0.2321925101943716,0.001204953051219268
A,ori,42,0.10286069782236318,0.001204953051219268
A,ori,43,-0.3489517422008517,0.001204953051219268
A,ori,44,-0.022889758666035043,0.001204953051219268
A,ori,45,0.3325886475618971,0.001204953051219268
A,ori,46,0.1188626964625159,0.001204953051219268
A,ori,47,0.3805781562868471,0.001204953051219268
A,ori,48,-0.07003289167655424,0.001204953051219268
A,ori,49,-0.28575535024960574,0.001204953051219268
A,ori,50,0.16852069730253882,0.001204953051219268
A,ori,51,-0.1834403846049545,0.001204953051219268
A,ori,52,0.12565430434910874,0.001204953051219268
A,ori,53,0.05473217901087568,0.001204953051219268
A,ori,54,-0.04484502962136527,0.001204953051219268
B,sensor,1,-0.47182971708770705,-0.03534088948970259
B,sensor,2,-0.3071053949534852,-0.03534088948970259
B,sensor,3,-0.05575665763168236,-0.03534088948970259
B,sensor,4,-0.2109365988853351,-0.03534088948970259
B,sensor,5,0.07967284361033133,-0.03534088948970259
B,sensor,6,-0.17985280017460936,-0.03534088948970259
B,sensor,7,0.22719739550383555,-0.03534088948970259
B,sensor,8,-0.4523132514212218,-0.03534088948970259
B,sensor,9,0.35119474698139475,-0.03534088948970259
B,sensor,10,0.41423228652169364,-0.03534088948970259
B,sensor,11,0.17022438903075043,-0.03534088948970259
B,sensor,12,-0.31526115982359704,-0.03534088948970259
B,sensor,13,-0.5410538180501812,-0.03534088948970259
B,sensor,14,-0.24049847790254764,-0.03534088948970259
B,sensor,15,-0.03613181601795756,-0.03534088948970259
B,sensor,16,-1.5174894517611108,-0.03534088948970259
B,sensor,17,0.24649824952223143,-0.03534088948970259
B,sensor,18,-0.18243166991048598,-0.03534088948970259
B,sensor,19,0.008818318763777366,-0.03534088948970259
B,sensor,20,-0.2820043700790118,-0.03534088948970259
B,sensor,21,-0.2535343113691113,-0.03534088948970259
B,sensor,22,0.04575146653515283,-0.03534088948970259
B,sensor,23,0.058507330265112234,-0.03534088948970259
B,sensor,24,0.1263347112644977,-0.03534088948970259
B,sensor,25,-0.013210799083003932,-0.03534088948970259
B,sensor,26,-0.5891055155871188,-0.03534088948970259
B,sensor,27,-0.025606506630895698,-0.03534088948970259
B,sensor,28,0.42513146279700376,-0.03534088948970259
B,sensor,29,0.7935129505909511,-0.03534088948970259
B,sensor,30,0.1395825337222656,-0.03534088948970259
B,sensor,31,0.7210480485202424,-0.03534088948970259
B,sensor,32,-0.019149568120458982,-0.03534088948970259
B,sensor,33,-0.8429102731130287,-0.03534088948970259
B,sensor,34,-0.3412239321594994,-0.03534088948970259
B,sensor,35,0.0062273530711285385,-0.03534088948970259
B,sensor,36,0.17976769183824803,-0.03534088948970259
B,sensor,37,-0.05143770144329185,-0.03534088948970259
B,sensor,38,-0.8001980422545285,-0.03534088948970259
B,sensor,39,0.2681647249257515,-0.03534088948970259
B,sensor,40,0.13045117068513346,-0.03534088948970259
B,sensor,41,-0.6321859571375417,-0.03534088948970259
B,sensor,42,-0.13110196355599513,-0.03534088948970259
B,sensor,43,0.8057258100064963,-0.03534088948970259
B,sensor,44,-0.10371643877530201,-0.03534088948970259
B,sensor,45,-0.020389796600406518,-0.03534088948970259
B,sensor,46,1.306652557980259,-0.03534088948970259
B,sensor,47,-0.1511225269008536,-0.03534088948970259
B,sensor,48,1.0768440644363326,-0.03534088948970259
B,sensor,49,-0.09850455326297602,-0.03534088948970259
B,sensor,50,-0.039442917847417824,-0.03534088948970259
B,sensor,51,-0.9872354560669832,-0.03534088948970259
B,sensor,52,0.06862880443360964,-0.03534088948970259
B,sensor,53,-0.14512988470733568,-0.03534088948970259
B,sensor,54,0.4792943848645419,-0.03534088948970259
B,full,1,-0.36265160965477616,-0.05176408350973886
B,full,2,0.11025033214740554,-0.05176408350973886
B,full,3,0.09426114659235652,-0.05176408350973886
B,full,4,-0.022520921775046943,-0.05176408350973886
B,full,5,-0.1027958488885874,-0.05176408350973886
B,full,6,-0.4484390892475454,-0.05176408350973886
B,full,7,0.35863388037396016,-0.05176408350973886
B,full,8,-0.35683100602091833,-0.05176408350973886
B,full,9,0.29211139988470736,-0.05176408350973886
B,full,10,0.08842589378326737,-0.05176408350973886
B,full,11,0.0009516387729929798,-0.05176408350973886
B,full,12,-0.3206737780411444,-0.05176408350973886
B,full,13,-0.47450861864622884,-0.05176408350973886
B,full,14,-0.3259648308779374,-0.05176408350973886
B,full,15,-0.3052672221595122,-0.05176408350973886
B,full,16,-1.4112079261110964,-0.05176408350973886
B,full,17,0.08288454904450338,-0.05176408350973886
B,full,18,-0.055127485572399326,-0.05176408350973886
B,full,19,0.04575945763875511,-0.05176408350973886
B,full,20,-0.32603139175600826,-0.05176408350973886
B,full,21,-0.17140993813576844,-0.05176408350973886
B,full,22,0.277972128524955,-0.05176408350973886
B,full,23,0.09142448617973509,-0.05176408350973886
B,full,24,0.04112655636762885,-0.05176408350973886
B,full,25,-0.048676013276281016,-0.05176408350973886
B,full,26,-0.4537482806823595,-0.05176408350973886
B,full,27,-0.29636879178038267,-0.05176408350973886
B,full,28,0.3716864060750449,-0.05176408350973886
B,full,29,0.5736174837834186,-0.05176408350973886
B,full,30,0.28785790204743944,-0.05176408350973886
B,full,31,0.6022889932086762,-0.05176408350973886
B,full,32,-0.07038755751146208,-0.05176408350973886
B,full,33,-0.8603182870588592,-0.05176408350973886
B,full,34,-0.37857593565821657,-0.05176408350973886
B,full,35,-0.018442702490120144,-0.05176408350973886
B,full,36,-0.1179545425210583,-0.05176408350973886
B,full,37,-0.3014213462042914,-0.05176408350973886
B,full,38,-0.745038862299819,-0.05176408350973886
B,full,39,0.22147943510423507,-0.05176408350973886
B,full,40,0.011296930858377463,-0.05176408350973886
B,full,41,-0.39063901353005626,-0.05176408350973886
B,full,42,0.04418456148797756,-0.05176408350973886
B,full,43,1.0653293516548135,-0.05176408350973886
B,full,44,-0.17850822309366354,-0.05176408350973886
B,full,45,0.038733715471187535,-0.05176408350973886
B,full,46,0.9526619949922226,-0.05176408350973886
B,full,47,-0.35760790713181545,-0.05176408350973886
B,full,48,0.9382837650904846,-0.05176408350973886
B,full,49,0.045871277989639525,-0.05176408350973886
B,full,50,0.1335025321704727,-0.05176408350973886
B,full,51,-0.8636404468412381,-0.05176408350973886
B,full,52,0.15505936161097,-0.05176408350973886
B,full,53,-0.3921438409443778,-0.05176408350973886
B,full,54,0.43598572752984543,-0.05176408350973886
B,len,1,-0.014035596705049572,-0.007518841980481046
B,len,2,0.004243714087998937,-0.007518841980481046
B,len,3,-0.04426019193132257,-0.007518841980481046
B,len,4,-0.040561125913054386,-0.007518841980481046
B,len,5,0.00366120416811605,-0.007518841980481046
B,len,6,0.15464680905813888,-0.007518841980481046
B,len,7,0.023625692192588116,-0.007518841980481046
B,len,8,0.0332775503581727,-0.007518841980481046
B,len,9,0.0026208023458572025,-0.007518841980481046
B,len,10,4.94211256493321e-05,-0.007518841980481046
B,len,11,0.05408944294130279,-0.007518841980481046
B,len,12,0.0012840340187216942,-0.007518841980481046
B,len,13,-0.17054668891706745,-0.007518841980481046
B,len,14,0.001720899124397851,-0.007518841980481046
B,len,15,0.10225124222920537,-0.007518841980481046
B,len,16,0.02466844837869977,-0.007518841980481046
B,len,17,0.0010204617193655743,-0.007518841980481046
B,len,18,0.04353105940483305,-0.007518841980481046
B,len,19,-0.014555727201095874,-0.007518841980481046
B,len,20,0.036049993807692915,-0.007518841980481046
B,len,21,-0.006238613181628966,-0.007518841980481046
B,len,22,0.018091480193707786,-0.007518841980481046
B,len,23,0.02677222270071919,-0.007518841980481046
B,len,24,-0.01660258500723648,-0.007518841980481046
B,len,25,0.008244720508141207,-0.007518841980481046
B,len,26,0.02422961927944882,-0.007518841980481046
B,len,27,-0.01502606458837305,-0.007518841980481046
B,len,28,-0.011972579393995549,-0.007518841980481046
B,len,29,-0.042340751901942066,-0.007518841980481046
B,len,30,0.005895732102528785,-0.007518841980481046
B,len,31,-0.011496725122039905,-0.007518841980481046
B,len,32,-0.010124068894334266,-0.007518841980481046
B,len,33,-0.0716301921261667,-0.007518841980481046
B,len,34,0.033073408019301746,-0.007518841980481046
B,len,35,-0.017944261947327234,-0.007518841980481046
B,len,36,-0.028629649507630812,-0.007518841980481046
B,len,37,-0.013907681273472694,-0.007518841980481046
B,len,38,-0.15927246954531663,-0.007518841980481046
B,len,39,-0.08081580641318975,-0.007518841980481046
B,len,40,-0.021970370502488124,-0.007518841980481046
B,len,41,0.014293611787215013,-0.007518841980481046
B,len,42,-0.03524458203162685,-0.007518841980481046
B,len,43,-0.032753013197490584,-0.007518841980481046
B,len,44,-0.005325739457998156,-0.007518841980481046
B,len,45,0.0018406529857822387,-0.007518841980481046
B,len,46,-0.03778066313450387,-0.007518841980481046
B,len,47,-0.04101365713766854,-0.007518841980481046
B,len,48,-0.04117518324286101,-0.007518841980481046
B,len,49,0.02507863409922858,-0.007518841980481046
B,len,50,0.01465420266933392,-0.007518841980481046
B,len,51,0.015083557881454289,-0.007518841980481046
B,len,52,-0.0035922240164648553,-0.007518841980481046
B,len,53,0.07271755824354798,-0.007518841980481046
B,len,54,-0.16391743008578027,-0.007518841980481046
B,ang,1,-0.34861601294972655,-0.04424524152925784
B,ang,2,0.10600661805940703,-0.04424524152925784
B,ang,3,0.13852133852367976,-0.04424524152925784
B,ang,4,0.018040204138007,-0.04424524152925784
B,ang,5,-0.10645705305670361,-0.04424524152925784
B,ang,6,-0.6030858983056845,-0.04424524152925784
B,ang,7,0.33500818818137157,-0.04424524152925784
B,ang,8,-0.3901085563790906,-0.04424524152925784
B,ang,9,0.28949059753884976,-0.04424524152925784
B,ang,10,0.08837647265761828,-0.04424524152925784
B,ang,11,-0.05313780416830938,-0.04424524152925784
B,ang,12,-0.32195781205986573,-0.04424524152925784
B,ang,13,-0.3039619297291616,-0.04424524152925784
B,ang,14,-0.3276857300023355,-0.04424524152925784
B,ang,15,-0.40751846438871775,-0.04424524152925784
B,ang,16,-1.435876374489796,-0.04424524152925784
B,ang,17,0.08186408732513761,-0.04424524152925784
B,ang,18,-0.09865854497723314,-0.04424524152925784
B,ang,19,0.060315184839850544,-0.04424524152925784
B,ang,20,-0.36208138556370073,-0.04424524152925784
B,ang,21,-0.16517132495413978,-0.04424524152925784
B,ang,22,0.2598806483312468,-0.04424524152925784
B,ang,23,0.06465226347901554,-0.04424524152925784
B,ang,24,0.057729141374866066,-0.04424524152925784
B,ang,25,-0.056920733784422084,-0.04424524152925784
B,ang,26,-0.4779778999618085,-0.04424524152925784
B,ang,27,-0.28134272719200937,-0.04424524152925784
B,ang,28,0.3836589854690404,-0.04424524152925784
B,ang,29,0.6159582356853608,-0.04424524152925784
B,ang,30,0.2819621699449104,-0.04424524152925784
B,ang,31,0.6137857183307156,-0.04424524152925784
B,ang,32,-0.060263488617127714,-0.04424524152925784
B,ang,33,-0.7886880949326923,-0.04424524152925784
B,ang,34,-0.4116493436775194,-0.04424524152925784
B,ang,35,-0.0004984405427923555,-0.04424524152925784
B,ang,36,-0.08932489301342761,-0.04424524152925784
B,ang,37,-0.2875136649308181,-0.04424524152925784
B,ang,38,-0.5857663927545027,-0.04424524152925784
B,ang,39,0.3022952415174248,-0.04424524152925784
B,ang,40,0.03326730136086564,-0.04424524152925784
B,ang,41,-0.40493262531727114,-0.04424524152925784
B,ang,42,0.07942914351960395,-0.04424524152925784
B,ang,43,1.098082364852305,-0.04424524152925784
B,ang,44,-0.1731824836356659,-0.04424524152925784
B,ang,45,0.0368930624854058,-0.04424524152925784
B,ang,46,0.9904426581267258,-0.04424524152925784
B,ang,47,-0.31659424999414765,-0.04424524152925784
B,ang,48,0.979458948333346,-0.04424524152925784
B,ang,49,0.020792643890410578,-0.04424524152925784
B,ang,50,0.1188483295011391,-0.04424524152925784
B,ang,51,-0.8787240047226925,-0.04424524152925784
B,ang,52,0.15865158562743487,-0.04424524152925784
B,ang,53,-0.4648613991879258,-0.04424524152925784
B,ang,54,0.5999031576156258,-0.04424524152925784
B,ori,1,-0.10917810743293033,0.01642319402003632
B,ori,2,-0.4173557271008914,0.01642319402003632
B,ori,3,-0.15001780422403943,0.01642319402003632
B,ori,4,-0.18841567711028806,0.01642319402003632
B,ori,5,0.18246869249891917,0.01642319402003632
B,ori,6,0.268586289072936,0.01642319402003632
B,ori,7,-0.13143648487012372,0.01642319402003632
B,ori,8,-0.09548224540030481,0.01642319402003632
B,ori,9,0.05908334709668739,0.01642319402003632
B,ori,10,0.32580639273842693,0.01642319402003632
B,ori,11,0.16927275025775845,0.01642319402003632
B,ori,12,0.005412618217547571,0.01642319402003632
B,ori,13,-0.06654519940395165,0.01642319402003632
B,ori,14,0.08546635297539051,0.01642319402003632
B,ori,15,0.2691354061415552,0.01642319402003632
B,ori,16,-0.10628152565001481,0.01642319402003632
B,ori,17,0.16361370047772816,0.01642319402003632
B,ori,18,-0.1273041843380862,0.01642319402003632
B,ori,19,-0.03694113887497674,0.01642319402003632
B,ori,20,0.04402702167699646,0.01642319402003632
B,ori,21,-0.08212437323334298,0.01642319402003632
B,ori,22,-0.23222066198980196,0.01642319402003632
B,ori,23,-0.0329171559146233,0.01642319402003632
B,ori,24,0.08520815489686862,0.01642319402003632
B,ori,25,0.03546521419327764,0.01642319402003632
B,ori,26,-0.13535723490475915,0.01642319402003632
B,ori,27,0.27076228514948686,0.01642319402003632
B,ori,28,0.053445056721959316,0.01642319402003632
B,ori,29,0.21989546680753214,0.01642319402003632
B,ori,30,-0.14827536832517274,0.01642319402003632
B,ori,31,0.11875905531156727,0.01642319402003632
B,ori,32,0.05123798939100266,0.01642319402003632
B,ori,33,0.017408013945829914,0.01642319402003632
B,ori,34,0.03735200349871759,0.01642319402003632
B,ori,35,0.02467005556124846,0.01642319402003632
B,ori,36,0.2977222343593069,0.01642319402003632
B,ori,37,0.249983644761,0.01642319402003632
B,ori,38,-0.05515917995470998,0.01642319402003632
B,ori,39,0.04668528982151687,0.01642319402003632
B,ori,40,0.11915423982675599,0.01642319402003632
B,ori,41,-0.2415469436074853,0.01642319402003632
B,ori,42,-0.17528652504397257,0.01642319402003632
B,ori,43,-0.25960354164831756,0.01642319402003632
B,ori,44,0.07479178431836053,0.01642319402003632
B,ori,45,-0.05912351207159494,0.01642319402003632
B,ori,46,0.353990562988037,0.01642319402003632
B,ori,47,0.20648538023096252,0.01642319402003632
B,ori,48,0.1385602993458469,0.01642319402003632
B,ori,49,-0.14437583125261644,0.01642319402003632
B,ori,50,-0.1729454500178904,0.01642319402003632
B,ori,51,-0.12359500922574551,0.01642319402003632
B,ori,52,-0.08643055717736048,0.01642319402003632
B,ori,53,0.24701395623704192,0.01642319402003632
B,ori,54,0.043308657334696576,0.01642319402003632
