protocol_version,protocol_sha256,config_sha256,seed,session,generated_at_utc,status,analysis,representation,subject,airm_value,le_value,paired_delta_le_minus_airm
0.0,16062edc068a8287bee1abc97d00ab9d6b15f9fcb29f76225e391594474ed75e,b75890b1f4f8215561501c50ca4049b833efccee7bfce8559a548b59587c99db,20260809,0train,2026-08-09T11:07:41.849297Z,PASS,observed_class_loso,PATH_D10,1,0.2604166666666667,0.2743055555555556,0.013888888888888895
0.0,16062edc068a8287bee1abc97d00ab9d6b15f9fcb29f76225e391594474ed75e,b75890b1f4f8215561501c50ca4049b833efccee7bfce8559a548b59587c99db,20260809,0train,2026-08-09T11:07:41.849297Z,PASS,observed_class_loso,PATH_D10,2,0.2638888888888889,0.2743055555555556,0.010416666666666685
0.0,16062edc068a8287bee1abc97d00ab9d6b15f9fcb29f76225e391594474ed75e,b75890b1f4f8215561501c50ca4049b833efccee7bfce8559a548b59587c99db,20260809,0train,2026-08-09T11:07:41.849297Z,PASS,observed_class_loso,PATH_D10,3,0.2638888888888888,0.25,-0.013888888888888784
0.0,16062edc068a8287bee1abc97d00ab9d6b15f9fcb29f76225e391594474ed75e,b75890b1f4f8215561501c50ca4049b833efccee7bfce8559a548b59587c99db,20260809,0train,2026-08-09T11:07:41.849297Z,PASS,observed_class_loso,PATH_D10,4,0.28125,0.2777777777777778,-0.00347222222222221
0.0,16062edc068a8287bee1abc97d00ab9d6b15f9fcb29f76225e391594474ed75e,b75890b1f4f8215561501c50ca4049b833efccee7bfce8559a548b59587c99db,20260809,0train,2026-08-09T11:07:41.849297Z,PASS,observed_class_loso,PATH_D10,5,0.2534722222222222,0.2499999999999999,-0.003472222222222321
0.0,16062edc068a8287bee1abc97d00ab9d6b15f9fcb29f76225e391594474ed75e,b75890b1f4f8215561501c50ca4049b833efccee7bfce8559a548b59587c99db,20260809,0train,2026-08-09T11:07:41.849297Z,PASS,observed_class_loso,PATH_D10,6,0.2465277777777778,0.2395833333333333,-0.006944444444444503
0.0,16062edc068a8287bee1abc97d00ab9d6b15f9fcb29f76225e391594474ed75e,b75890b1f4f8215561501c50ca4049b833efccee7bfce8559a548b59587c99db,20260809,0train,2026-08-09T11:07:41.849297Z,PASS,observed_class_loso,PATH_D10,7,0.2569444444444444,0.2361111111111111,-0.020833333333333315
0.0,16062edc068a8287bee1abc97d00ab9d6b15f9fcb29f76225e391594474ed75e,b75890b1f4f8215561501c50ca4049b833efccee7bfce8559a548b59587c99db,20260809,0train,2026-08-09T11:07:41.849297Z,PASS,observed_class_loso,PATH_D10,8,0.2708333333333333,0.2777777777777777,0.006944444444444364
0.0,16062edc068a8287bee1abc97d00ab9d6b15f9fcb29f76225e391594474ed75e,b75890b1f4f8215561501c50ca4049b833efccee7bfce8559a548b59587c99db,20260809,0train,2026-08-09T11:07:41.849297Z,PASS,observed_class_loso,PATH_D10,9,0.2569444444444444,0.2673611111111111,0.010416666666666685
0.0,16062edc068a8287bee1abc97d00ab9d6b15f9fcb29f76225e391594474ed75e,b75890b1f4f8215561501c50ca4049b833efccee7bfce8559a548b59587c99db,20260809,0train,2026-08-09T11:07:41.849297Z,PASS,observed_class_loso,BAG_CANON_D10,1,0.3055555555555556,0.2986111111111111,-0.006944444444444475
0.0,16062edc068a8287bee1abc97d00ab9d6b15f9fcb29f76225e391594474ed75e,b75890b1f4f8215561501c50ca4049b833efccee7bfce8559a548b59587c99db,20260809,0train,2026-08-09T11:07:41.849297Z,PASS,observed_class_loso,BAG_CANON_D10,2,0.2222222222222222,0.2708333333333333,0.048611111111111105
0.0,16062edc068a8287bee1abc97d00ab9d6b15f9fcb29f76225e391594474ed75e,b75890b1f4f8215561501c50ca4049b833efccee7bfce8559a548b59587c99db,20260809,0train,2026-08-09T11:07:41.849297Z,PASS,observed_class_loso,BAG_CANON_D10,3,0.2534722222222222,0.2395833333333333,-0.013888888888888923
0.0,16062edc068a8287bee1abc97d00ab9d6b15f9fcb29f76225e391594474ed75e,b75890b1f4f8215561501c50ca4049b833efccee7bfce8559a548b59587c99db,20260809,0train,2026-08-09T11:07:41.849297Z,PASS,observed_class_loso,BAG_CANON_D10,4,0.2499999999999999,0.2222222222222222,-0.02777777777777768
0.0,16062edc068a8287bee1abc97d00ab9d6b15f9fcb29f76225e391594474ed75e,b75890b1f4f8215561501c50ca4049b833efccee7bfce8559a548b59587c99db,20260809,0train,2026-08-09T11:07:41.849297Z,PASS,observed_class_loso,BAG_CANON_D10,5,0.2638888888888888,0.2569444444444445,-0.006944444444444309
0.0,16062edc068a8287bee1abc97d00ab9d6b15f9fcb29f76225e391594474ed75e,b75890b1f4f8215561501c50ca4049b833efccee7bfce8559a548b59587c99db,20260809,0train,2026-08-09T11:07:41.849297Z,PASS,observed_class_loso,BAG_CANON_D10,6,0.2743055555555556,0.2465277777777778,-0.02777777777777779
0.0,16062edc068a8287bee1abc97d00ab9d6b15f9fcb29f76225e391594474ed75e,b75890b1f4f8215561501c50ca4049b833efccee7bfce8559a548b59587c99db,20260809,0train,2026-08-09T11:07:41.849297Z,PASS,observed_class_loso,BAG_CANON_D10,7,0.2777777777777777,0.2743055555555555,-0.0034722222222221544
0.0,16062edc068a8287bee1abc97d00ab9d6b15f9fcb29f76225e391594474ed75e,b75890b1f4f8215561501c50ca4049b833efccee7bfce8559a548b59587c99db,20260809,0train,2026-08-09T11:07:41.849297Z,PASS,observed_class_loso,BAG_CANON_D10,8,0.2986111111111111,0.2881944444444444,-0.010416666666666685
0.0,16062edc068a8287bee1abc97d00ab9d6b15f9fcb29f76225e391594474ed75e,b75890b1f4f8215561501c50ca4049b833efccee7bfce8559a548b59587c99db,20260809,0train,2026-08-09T11:07:41.849297Z,PASS,observed_class_loso,BAG_CANON_D10,9,0.2430555555555555,0.2395833333333333,-0.00347222222222221
0.0,16062edc068a8287bee1abc97d00ab9d6b15f9fcb29f76225e391594474ed75e,b75890b1f4f8215561501c50ca4049b833efccee7bfce8559a548b59587c99db,20260809,0train,2026-08-09T11:07:41.849297Z,PASS,observed_class_loso,SCALARS_11,1,0.25,0.2604166666666666,0.010416666666666574
0.0,16062edc068a8287bee1abc97d00ab9d6b15f9fcb29f76225e391594474ed75e,b75890b1f4f8215561501c50ca4049b833efccee7bfce8559a548b59587c99db,20260809,0train,2026-08-09T11:07:41.849297Z,PASS,observed_class_loso,SCALARS_11,2,0.2604166666666666,0.2673611111111111,0.006944444444444531
0.0,16062edc068a8287bee1abc97d00ab9d6b15f9fcb29f76225e391594474ed75e,b75890b1f4f8215561501c50ca4049b833efccee7bfce8559a548b59587c99db,20260809,0train,2026-08-09T11:07:41.849297Z,PASS,observed_class_loso,SCALARS_11,3,0.2951388888888889,0.3055555555555556,0.010416666666666685
0.0,16062edc068a8287bee1abc97d00ab9d6b15f9fcb29f76225e391594474ed75e,b75890b1f4f8215561501c50ca4049b833efccee7bfce8559a548b59587c99db,20260809,0train,2026-08-09T11:07:41.849297Z,PASS,observed_class_loso,SCALARS_11,4,0.25,0.2361111111111111,-0.013888888888888895
0.0,16062edc068a8287bee1abc97d00ab9d6b15f9fcb29f76225e391594474ed75e,b75890b1f4f8215561501c50ca4049b833efccee7bfce8559a548b59587c99db,20260809,0train,2026-08-09T11:07:41.849297Z,PASS,observed_class_loso,SCALARS_11,5,0.2777777777777778,0.2708333333333333,-0.006944444444444475
0.0,16062edc068a8287bee1abc97d00ab9d6b15f9fcb29f76225e391594474ed75e,b75890b1f4f8215561501c50ca4049b833efccee7bfce8559a548b59587c99db,20260809,0train,2026-08-09T11:07:41.849297Z,PASS,observed_class_loso,SCALARS_11,6,0.2430555555555555,0.2638888888888889,0.020833333333333398
0.0,16062edc068a8287bee1abc97d00ab9d6b15f9fcb29f76225e391594474ed75e,b75890b1f4f8215561501c50ca4049b833efccee7bfce8559a548b59587c99db,20260809,0train,2026-08-09T11:07:41.849297Z,PASS,observed_class_loso,SCALARS_11,7,0.2673611111111111,0.2743055555555556,0.006944444444444475
0.0,16062edc068a8287bee1abc97d00ab9d6b15f9fcb29f76225e391594474ed75e,b75890b1f4f8215561501c50ca4049b833efccee7bfce8559a548b59587c99db,20260809,0train,2026-08-09T11:07:41.849297Z,PASS,observed_class_loso,SCALARS_11,8,0.2638888888888889,0.2673611111111111,0.00347222222222221
0.0,16062edc068a8287bee1abc97d00ab9d6b15f9fcb29f76225e391594474ed75e,b75890b1f4f8215561501c50ca4049b833efccee7bfce8559a548b59587c99db,20260809,0train,2026-08-09T11:07:41.849297Z,PASS,observed_class_loso,SCALARS_11,9,0.2638888888888889,0.2534722222222222,-0.010416666666666685
0.0,16062edc068a8287bee1abc97d00ab9d6b15f9fcb29f76225e391594474ed75e,b75890b1f4f8215561501c50ca4049b833efccee7bfce8559a548b59587c99db,20260809,0train,2026-08-09T11:07:41.849297Z,PASS,order_observed_median_subject_ba,PATH_D10,GROUP,0.2604166666666667,0.2673611111111111,0.00694444444444442
0.0,16062edc068a8287bee1abc97d00ab9d6b15f9fcb29f76225e391594474ed75e,b75890b1f4f8215561501c50ca4049b833efccee7bfce8559a548b59587c99db,20260809,0train,2026-08-09T11:07:41.849297Z,PASS,order_null_median,PATH_D10,GROUP,0.2604166666666667,0.2569444444444444,-0.0034722222222222654
0.0,16062edc068a8287bee1abc97d00ab9d6b15f9fcb29f76225e391594474ed75e,b75890b1f4f8215561501c50ca4049b833efccee7bfce8559a548b59587c99db,20260809,0train,2026-08-09T11:07:41.849297Z,PASS,order_effect,PATH_D10,GROUP,0.0,0.0104166666666666,0.0104166666666666
0.0,16062edc068a8287bee1abc97d00ab9d6b15f9fcb29f76225e391594474ed75e,b75890b1f4f8215561501c50ca4049b833efccee7bfce8559a548b59587c99db,20260809,0train,2026-08-09T11:07:41.849297Z,PASS,order_p_value,PATH_D10,GROUP,0.515,0.225,-0.29000000000000004
