dataset,geometry,template,object,signature,subject,same_subject_cross_session_cosine
OpenBMI,AIRM,session_specific,Z,sensor,1,0.138042196282469
OpenBMI,AIRM,session_specific,Z,sensor,2,0.077360697208373616
OpenBMI,AIRM,session_specific,Z,sensor,3,0.57577541657510589
OpenBMI,AIRM,session_specific,Z,sensor,4,0.29817904475661844
OpenBMI,AIRM,session_specific,Z,sensor,5,0.45595628643743241
OpenBMI,AIRM,session_specific,Z,sensor,6,0.43350685621413432
OpenBMI,AIRM,session_specific,Z,sensor,7,0.16730617230192729
OpenBMI,AIRM,session_specific,Z,sensor,8,-0.11361795716433347
OpenBMI,AIRM,session_specific,Z,sensor,9,-0.042935408793374139
OpenBMI,AIRM,session_specific,Z,sensor,10,0.71788598335216502
OpenBMI,AIRM,session_specific,Z,sensor,11,0.44412191249937877
OpenBMI,AIRM,session_specific,Z,sensor,12,-0.17235513077872391
OpenBMI,AIRM,session_specific,Z,sensor,13,0.19766250934344459
OpenBMI,AIRM,session_specific,Z,sensor,14,0.32583338832618791
OpenBMI,AIRM,session_specific,Z,sensor,15,0.46926427466849779
OpenBMI,AIRM,session_specific,Z,sensor,16,-0.60541627094501227
OpenBMI,AIRM,session_specific,Z,sensor,17,0.30997191390707202
OpenBMI,AIRM,session_specific,Z,sensor,18,0.42042172335512101
OpenBMI,AIRM,session_specific,Z,sensor,19,0.15284430711239602
OpenBMI,AIRM,session_specific,Z,sensor,20,0.023133130021072687
OpenBMI,AIRM,session_specific,Z,sensor,21,0.68107620612105102
OpenBMI,AIRM,session_specific,Z,sensor,22,0.38858735982980386
OpenBMI,AIRM,session_specific,Z,sensor,23,0.39285554117394866
OpenBMI,AIRM,session_specific,Z,sensor,24,0.39288084302667464
OpenBMI,AIRM,session_specific,Z,sensor,25,0.62017720027669565
OpenBMI,AIRM,session_specific,Z,sensor,26,-0.039963680684487468
OpenBMI,AIRM,session_specific,Z,sensor,27,0.037615102312493175
OpenBMI,AIRM,session_specific,Z,sensor,28,0.35549963784055516
OpenBMI,AIRM,session_specific,Z,sensor,29,0.83927779849720263
OpenBMI,AIRM,session_specific,Z,sensor,30,0.28128216236763087
OpenBMI,AIRM,session_specific,Z,sensor,31,0.26364910819932152
OpenBMI,AIRM,session_specific,Z,sensor,32,0.78485497472031307
OpenBMI,AIRM,session_specific,Z,sensor,33,0.65238312801923937
OpenBMI,AIRM,session_specific,Z,sensor,34,0.49391520027616748
OpenBMI,AIRM,session_specific,Z,sensor,35,0.33339594529818545
OpenBMI,AIRM,session_specific,Z,sensor,36,0.82136066351759596
OpenBMI,AIRM,session_specific,Z,sensor,37,0.60191699826143197
OpenBMI,AIRM,session_specific,Z,sensor,38,0.21054293287941564
OpenBMI,AIRM,session_specific,Z,sensor,39,0.033495019690785
OpenBMI,AIRM,session_specific,Z,sensor,40,0.42656462124031425
OpenBMI,AIRM,session_specific,Z,sensor,41,0.48447688728167637
OpenBMI,AIRM,session_specific,Z,sensor,42,0.47756991301819235
OpenBMI,AIRM,session_specific,Z,sensor,43,0.2783841983251637
OpenBMI,AIRM,session_specific,Z,sensor,44,0.78943066609467483
OpenBMI,AIRM,session_specific,Z,sensor,45,0.32084092903456124
OpenBMI,AIRM,session_specific,Z,sensor,46,0.6469158545711432
OpenBMI,AIRM,session_specific,Z,sensor,47,0.10742948606893903
OpenBMI,AIRM,session_specific,Z,sensor,48,0.28952814906446511
OpenBMI,AIRM,session_specific,Z,sensor,49,0.30276527363382971
OpenBMI,AIRM,session_specific,Z,sensor,50,0.50177827232392302
OpenBMI,AIRM,session_specific,Z,sensor,51,0.33484715227085887
OpenBMI,AIRM,session_specific,Z,sensor,52,0.34449258614940292
OpenBMI,AIRM,session_specific,Z,sensor,53,0.44881613517861901
OpenBMI,AIRM,session_specific,Z,sensor,54,-0.030870830595265547
OpenBMI,AIRM,session_specific,Z,spectrum,1,0.71346596132449058
OpenBMI,AIRM,session_specific,Z,spectrum,2,0.92985902485369909
OpenBMI,AIRM,session_specific,Z,spectrum,3,0.8056693140862331
OpenBMI,AIRM,session_specific,Z,spectrum,4,0.62251934477297233
OpenBMI,AIRM,session_specific,Z,spectrum,5,0.98053557347681009
OpenBMI,AIRM,session_specific,Z,spectrum,6,0.98388368509701474
OpenBMI,AIRM,session_specific,Z,spectrum,7,0.97999474638808326
OpenBMI,AIRM,session_specific,Z,spectrum,8,0.73883766684392249
OpenBMI,AIRM,session_specific,Z,spectrum,9,0.57793128640608804
OpenBMI,AIRM,session_specific,Z,spectrum,10,0.9877731975693923
OpenBMI,AIRM,session_specific,Z,spectrum,11,0.9118489828219335
OpenBMI,AIRM,session_specific,Z,spectrum,12,0.24644426301935163
OpenBMI,AIRM,session_specific,Z,spectrum,13,0.67196388928566653
OpenBMI,AIRM,session_specific,Z,spectrum,14,0.96684443374199436
OpenBMI,AIRM,session_specific,Z,spectrum,15,0.98488109449197025
OpenBMI,AIRM,session_specific,Z,spectrum,16,-0.033492584308123505
OpenBMI,AIRM,session_specific,Z,spectrum,17,0.95293493752524638
OpenBMI,AIRM,session_specific,Z,spectrum,18,0.89624269788321542
OpenBMI,AIRM,session_specific,Z,spectrum,19,0.69789122556093819
OpenBMI,AIRM,session_specific,Z,spectrum,20,0.91995905712186199
OpenBMI,AIRM,session_specific,Z,spectrum,21,0.9001402936808176
OpenBMI,AIRM,session_specific,Z,spectrum,22,0.87735885817095749
OpenBMI,AIRM,session_specific,Z,spectrum,23,0.89848318010849382
OpenBMI,AIRM,session_specific,Z,spectrum,24,0.95844751857827493
OpenBMI,AIRM,session_specific,Z,spectrum,25,0.98077563846471827
OpenBMI,AIRM,session_specific,Z,spectrum,26,0.39710550607568634
OpenBMI,AIRM,session_specific,Z,spectrum,27,0.52307214950024417
OpenBMI,AIRM,session_specific,Z,spectrum,28,0.76170319245207074
OpenBMI,AIRM,session_specific,Z,spectrum,29,0.96962623507876977
OpenBMI,AIRM,session_specific,Z,spectrum,30,0.90205531364500668
OpenBMI,AIRM,session_specific,Z,spectrum,31,0.96191399831769686
OpenBMI,AIRM,session_specific,Z,spectrum,32,0.97562818985986766
OpenBMI,AIRM,session_specific,Z,spectrum,33,0.94942616549760706
OpenBMI,AIRM,session_specific,Z,spectrum,34,0.97308709204766608
OpenBMI,AIRM,session_specific,Z,spectrum,35,0.88353890163135806
OpenBMI,AIRM,session_specific,Z,spectrum,36,0.91596320535039288
OpenBMI,AIRM,session_specific,Z,spectrum,37,0.94853630701415659
OpenBMI,AIRM,session_specific,Z,spectrum,38,0.71986413111987291
OpenBMI,AIRM,session_specific,Z,spectrum,39,0.91940990724879845
OpenBMI,AIRM,session_specific,Z,spectrum,40,0.96267704660363151
OpenBMI,AIRM,session_specific,Z,spectrum,41,0.95793412516345955
OpenBMI,AIRM,session_specific,Z,spectrum,42,0.91017975786931282
OpenBMI,AIRM,session_specific,Z,spectrum,43,0.9653185953343284
OpenBMI,AIRM,session_specific,Z,spectrum,44,0.9698554175277363
OpenBMI,AIRM,session_specific,Z,spectrum,45,0.70090228741862914
OpenBMI,AIRM,session_specific,Z,spectrum,46,0.95338338056605665
OpenBMI,AIRM,session_specific,Z,spectrum,47,0.91125536666665463
OpenBMI,AIRM,session_specific,Z,spectrum,48,0.77204216129542025
OpenBMI,AIRM,session_specific,Z,spectrum,49,0.98277163268164669
OpenBMI,AIRM,session_specific,Z,spectrum,50,0.83669282481511464
OpenBMI,AIRM,session_specific,Z,spectrum,51,0.98695081256515671
OpenBMI,AIRM,session_specific,Z,spectrum,52,0.89066232290375602
OpenBMI,AIRM,session_specific,Z,spectrum,53,0.97170127663348149
OpenBMI,AIRM,session_specific,Z,spectrum,54,0.44447544378661485
OpenBMI,AIRM,session_specific,R,sensor,1,0.13803975490698234
OpenBMI,AIRM,session_specific,R,sensor,2,0.077358245221131147
OpenBMI,AIRM,session_specific,R,sensor,3,0.57575902115480704
OpenBMI,AIRM,session_specific,R,sensor,4,0.29817709706811169
OpenBMI,AIRM,session_specific,R,sensor,5,0.45593360500362212
OpenBMI,AIRM,session_specific,R,sensor,6,0.43349597870525086
OpenBMI,AIRM,session_specific,R,sensor,7,0.16728498308281264
OpenBMI,AIRM,session_specific,R,sensor,8,-0.11360041757871764
OpenBMI,AIRM,session_specific,R,sensor,9,-0.042931102655197194
OpenBMI,AIRM,session_specific,R,sensor,10,0.71786795402105363
OpenBMI,AIRM,session_specific,R,sensor,11,0.44411941781997205
OpenBMI,AIRM,session_specific,R,sensor,12,-0.17235049492086515
OpenBMI,AIRM,session_specific,R,sensor,13,0.19765433320006875
OpenBMI,AIRM,session_specific,R,sensor,14,0.32582572912022784
OpenBMI,AIRM,session_specific,R,sensor,15,0.46925159993131599
OpenBMI,AIRM,session_specific,R,sensor,16,-0.60540618050306128
OpenBMI,AIRM,session_specific,R,sensor,17,0.30996445438150616
OpenBMI,AIRM,session_specific,R,sensor,18,0.42040003163757605
OpenBMI,AIRM,session_specific,R,sensor,19,0.15284279949211985
OpenBMI,AIRM,session_specific,R,sensor,20,0.023132201465725553
OpenBMI,AIRM,session_specific,R,sensor,21,0.68104909315618456
OpenBMI,AIRM,session_specific,R,sensor,22,0.38858079059165063
OpenBMI,AIRM,session_specific,R,sensor,23,0.39283179341983726
OpenBMI,AIRM,session_specific,R,sensor,24,0.39287564740015968
OpenBMI,AIRM,session_specific,R,sensor,25,0.62016212279255956
OpenBMI,AIRM,session_specific,R,sensor,26,-0.039961995252998449
OpenBMI,AIRM,session_specific,R,sensor,27,0.037614638651336171
OpenBMI,AIRM,session_specific,R,sensor,28,0.35548847636898562
OpenBMI,AIRM,session_specific,R,sensor,29,0.83925408471694873
OpenBMI,AIRM,session_specific,R,sensor,30,0.28126980179823452
OpenBMI,AIRM,session_specific,R,sensor,31,0.26364745799195421
OpenBMI,AIRM,session_specific,R,sensor,32,0.78483427266369232
OpenBMI,AIRM,session_specific,R,sensor,33,0.65234131966589137
OpenBMI,AIRM,session_specific,R,sensor,34,0.4938900710187174
OpenBMI,AIRM,session_specific,R,sensor,35,0.33339418818303346
OpenBMI,AIRM,session_specific,R,sensor,36,0.82133622354672742
OpenBMI,AIRM,session_specific,R,sensor,37,0.60188346146095484
OpenBMI,AIRM,session_specific,R,sensor,38,0.2105412344169893
OpenBMI,AIRM,session_specific,R,sensor,39,0.033494551398450013
OpenBMI,AIRM,session_specific,R,sensor,40,0.42655770660458747
OpenBMI,AIRM,session_specific,R,sensor,41,0.48447086612789264
OpenBMI,AIRM,session_specific,R,sensor,42,0.47756229097381014
OpenBMI,AIRM,session_specific,R,sensor,43,0.2783771662882128
OpenBMI,AIRM,session_specific,R,sensor,44,0.78938931991625971
OpenBMI,AIRM,session_specific,R,sensor,45,0.32082713058117707
OpenBMI,AIRM,session_specific,R,sensor,46,0.64689924213519412
OpenBMI,AIRM,session_specific,R,sensor,47,0.10742875579136256
OpenBMI,AIRM,session_specific,R,sensor,48,0.28951982102032764
OpenBMI,AIRM,session_specific,R,sensor,49,0.3027540171759332
OpenBMI,AIRM,session_specific,R,sensor,50,0.50177314547992813
OpenBMI,AIRM,session_specific,R,sensor,51,0.33483925869870002
OpenBMI,AIRM,session_specific,R,sensor,52,0.34448455788548021
OpenBMI,AIRM,session_specific,R,sensor,53,0.4488054413335914
OpenBMI,AIRM,session_specific,R,sensor,54,-0.030870315522102704
OpenBMI,AIRM,session_specific,R,spectrum,1,0.71349056051950799
OpenBMI,AIRM,session_specific,R,spectrum,2,0.92986301457958187
OpenBMI,AIRM,session_specific,R,spectrum,3,0.80567362739970116
OpenBMI,AIRM,session_specific,R,spectrum,4,0.62252185819779082
OpenBMI,AIRM,session_specific,R,spectrum,5,0.98053293275371478
OpenBMI,AIRM,session_specific,R,spectrum,6,0.9838823002790581
OpenBMI,AIRM,session_specific,R,spectrum,7,0.9799924268377217
OpenBMI,AIRM,session_specific,R,spectrum,8,0.73885003230265389
OpenBMI,AIRM,session_specific,R,spectrum,9,0.57794897766082964
OpenBMI,AIRM,session_specific,R,spectrum,10,0.98777088373266564
OpenBMI,AIRM,session_specific,R,spectrum,11,0.91184938615706712
OpenBMI,AIRM,session_specific,R,spectrum,12,0.24645361666669019
OpenBMI,AIRM,session_specific,R,spectrum,13,0.67197726729947305
OpenBMI,AIRM,session_specific,R,spectrum,14,0.96684623120711688
OpenBMI,AIRM,session_specific,R,spectrum,15,0.98487846251069588
OpenBMI,AIRM,session_specific,R,spectrum,16,-0.033470730917485508
OpenBMI,AIRM,session_specific,R,spectrum,17,0.95293159475203404
OpenBMI,AIRM,session_specific,R,spectrum,18,0.89624344663803102
OpenBMI,AIRM,session_specific,R,spectrum,19,0.69790133805999
OpenBMI,AIRM,session_specific,R,spectrum,20,0.91995897580845898
OpenBMI,AIRM,session_specific,R,spectrum,21,0.90014241285984398
OpenBMI,AIRM,session_specific,R,spectrum,22,0.87736527113802731
OpenBMI,AIRM,session_specific,R,spectrum,23,0.89848323599740565
OpenBMI,AIRM,session_specific,R,spectrum,24,0.95844985247909387
OpenBMI,AIRM,session_specific,R,spectrum,25,0.98077373515948374
OpenBMI,AIRM,session_specific,R,spectrum,26,0.39711627309256792
OpenBMI,AIRM,session_specific,R,spectrum,27,0.5230808937370367
OpenBMI,AIRM,session_specific,R,spectrum,28,0.76170544291791231
OpenBMI,AIRM,session_specific,R,spectrum,29,0.9696245272646431
OpenBMI,AIRM,session_specific,R,spectrum,30,0.90205949649520412
OpenBMI,AIRM,session_specific,R,spectrum,31,0.96191534423659086
OpenBMI,AIRM,session_specific,R,spectrum,32,0.97562585977338023
OpenBMI,AIRM,session_specific,R,spectrum,33,0.9494209241569489
OpenBMI,AIRM,session_specific,R,spectrum,34,0.97306458728569833
OpenBMI,AIRM,session_specific,R,spectrum,35,0.88353956027897762
OpenBMI,AIRM,session_specific,R,spectrum,36,0.91596101756930315
OpenBMI,AIRM,session_specific,R,spectrum,37,0.94852100156341135
OpenBMI,AIRM,session_specific,R,spectrum,38,0.71986926723136124
OpenBMI,AIRM,session_specific,R,spectrum,39,0.91941537655946393
OpenBMI,AIRM,session_specific,R,spectrum,40,0.96267660297264068
OpenBMI,AIRM,session_specific,R,spectrum,41,0.95793430522480916
OpenBMI,AIRM,session_specific,R,spectrum,42,0.91017774339996838
OpenBMI,AIRM,session_specific,R,spectrum,43,0.96532126878853486
OpenBMI,AIRM,session_specific,R,spectrum,44,0.96985099355486382
OpenBMI,AIRM,session_specific,R,spectrum,45,0.70090852020758643
OpenBMI,AIRM,session_specific,R,spectrum,46,0.95338497633230201
OpenBMI,AIRM,session_specific,R,spectrum,47,0.91125468742865667
OpenBMI,AIRM,session_specific,R,spectrum,48,0.77204332201567827
OpenBMI,AIRM,session_specific,R,spectrum,49,0.98277044682435966
OpenBMI,AIRM,session_specific,R,spectrum,50,0.83669375496111731
OpenBMI,AIRM,session_specific,R,spectrum,51,0.98694710230118954
OpenBMI,AIRM,session_specific,R,spectrum,52,0.89066367189382689
OpenBMI,AIRM,session_specific,R,spectrum,53,0.9716968502694634
OpenBMI,AIRM,session_specific,R,spectrum,54,0.4444862918231835
OpenBMI,AIRM,pooled_session,Z,sensor,1,0.18858730889991307
OpenBMI,AIRM,pooled_session,Z,sensor,2,0.079397939363473266
OpenBMI,AIRM,pooled_session,Z,sensor,3,0.60312207118168193
OpenBMI,AIRM,pooled_session,Z,sensor,4,0.35122055281030373
OpenBMI,AIRM,pooled_session,Z,sensor,5,0.44307136615091491
OpenBMI,AIRM,pooled_session,Z,sensor,6,0.4512303073357905
OpenBMI,AIRM,pooled_session,Z,sensor,7,0.16711884309612141
OpenBMI,AIRM,pooled_session,Z,sensor,8,-0.14447011792374234
OpenBMI,AIRM,pooled_session,Z,sensor,9,-0.044943257764873748
OpenBMI,AIRM,pooled_session,Z,sensor,10,0.74720130418757214
OpenBMI,AIRM,pooled_session,Z,sensor,11,0.41732920886897357
OpenBMI,AIRM,pooled_session,Z,sensor,12,-0.1125327885959104
OpenBMI,AIRM,pooled_session,Z,sensor,13,0.20969177078794329
OpenBMI,AIRM,pooled_session,Z,sensor,14,0.33342784686421578
OpenBMI,AIRM,pooled_session,Z,sensor,15,0.45987126960147956
OpenBMI,AIRM,pooled_session,Z,sensor,16,-0.60281914873296094
OpenBMI,AIRM,pooled_session,Z,sensor,17,0.3126431625501554
OpenBMI,AIRM,pooled_session,Z,sensor,18,0.45426063355534829
OpenBMI,AIRM,pooled_session,Z,sensor,19,0.1897506156330479
OpenBMI,AIRM,pooled_session,Z,sensor,20,0.07738498168803172
OpenBMI,AIRM,pooled_session,Z,sensor,21,0.69708201818348947
OpenBMI,AIRM,pooled_session,Z,sensor,22,0.46465107108109494
OpenBMI,AIRM,pooled_session,Z,sensor,23,0.42975686987870898
OpenBMI,AIRM,pooled_session,Z,sensor,24,0.44908539124732788
OpenBMI,AIRM,pooled_session,Z,sensor,25,0.6308723763498153
OpenBMI,AIRM,pooled_session,Z,sensor,26,-0.045608640165088997
OpenBMI,AIRM,pooled_session,Z,sensor,27,0.013846663020434705
OpenBMI,AIRM,pooled_session,Z,sensor,28,0.37330524966528283
OpenBMI,AIRM,pooled_session,Z,sensor,29,0.83514751868504289
OpenBMI,AIRM,pooled_session,Z,sensor,30,0.28229970363763041
OpenBMI,AIRM,pooled_session,Z,sensor,31,0.241648531040975
OpenBMI,AIRM,pooled_session,Z,sensor,32,0.80133208400823819
OpenBMI,AIRM,pooled_session,Z,sensor,33,0.67399708606150288
OpenBMI,AIRM,pooled_session,Z,sensor,34,0.49560345227274871
OpenBMI,AIRM,pooled_session,Z,sensor,35,0.29570953047309873
OpenBMI,AIRM,pooled_session,Z,sensor,36,0.82869200500868567
OpenBMI,AIRM,pooled_session,Z,sensor,37,0.60117104032545854
OpenBMI,AIRM,pooled_session,Z,sensor,38,0.24927913739596183
OpenBMI,AIRM,pooled_session,Z,sensor,39,0.018017101629252234
OpenBMI,AIRM,pooled_session,Z,sensor,40,0.47224644825857526
OpenBMI,AIRM,pooled_session,Z,sensor,41,0.4798193541159384
OpenBMI,AIRM,pooled_session,Z,sensor,42,0.50085642619484982
OpenBMI,AIRM,pooled_session,Z,sensor,43,0.27934336531459658
OpenBMI,AIRM,pooled_session,Z,sensor,44,0.79061751322471396
OpenBMI,AIRM,pooled_session,Z,sensor,45,0.296323695271621
OpenBMI,AIRM,pooled_session,Z,sensor,46,0.66299218745527211
OpenBMI,AIRM,pooled_session,Z,sensor,47,0.10193913892268562
OpenBMI,AIRM,pooled_session,Z,sensor,48,0.26550357626517479
OpenBMI,AIRM,pooled_session,Z,sensor,49,0.36346096364444874
OpenBMI,AIRM,pooled_session,Z,sensor,50,0.46702935457918876
OpenBMI,AIRM,pooled_session,Z,sensor,51,0.33887326253053168
OpenBMI,AIRM,pooled_session,Z,sensor,52,0.3613184782480246
OpenBMI,AIRM,pooled_session,Z,sensor,53,0.44785189875191861
OpenBMI,AIRM,pooled_session,Z,sensor,54,0.02297074534907758
OpenBMI,AIRM,pooled_session,Z,spectrum,1,0.75581257518589529
OpenBMI,AIRM,pooled_session,Z,spectrum,2,0.94866908841627262
OpenBMI,AIRM,pooled_session,Z,spectrum,3,0.82320493152018304
OpenBMI,AIRM,pooled_session,Z,spectrum,4,0.67077461438038433
OpenBMI,AIRM,pooled_session,Z,spectrum,5,0.98777858494741677
OpenBMI,AIRM,pooled_session,Z,spectrum,6,0.98725908103124549
OpenBMI,AIRM,pooled_session,Z,spectrum,7,0.98479216232190248
OpenBMI,AIRM,pooled_session,Z,spectrum,8,0.69453011276594168
OpenBMI,AIRM,pooled_session,Z,spectrum,9,0.54093284893749727
OpenBMI,AIRM,pooled_session,Z,spectrum,10,0.98643809260859017
OpenBMI,AIRM,pooled_session,Z,spectrum,11,0.89250401463295781
OpenBMI,AIRM,pooled_session,Z,spectrum,12,0.28954927532847835
OpenBMI,AIRM,pooled_session,Z,spectrum,13,0.6377021790728129
OpenBMI,AIRM,pooled_session,Z,spectrum,14,0.97951891370903355
OpenBMI,AIRM,pooled_session,Z,spectrum,15,0.98243325131760395
OpenBMI,AIRM,pooled_session,Z,spectrum,16,-0.044221777688493065
OpenBMI,AIRM,pooled_session,Z,spectrum,17,0.96393740713951392
OpenBMI,AIRM,pooled_session,Z,spectrum,18,0.91493138202563273
OpenBMI,AIRM,pooled_session,Z,spectrum,19,0.73924402417976876
OpenBMI,AIRM,pooled_session,Z,spectrum,20,0.93569577068238152
OpenBMI,AIRM,pooled_session,Z,spectrum,21,0.91365423405051871
OpenBMI,AIRM,pooled_session,Z,spectrum,22,0.90726711219528156
OpenBMI,AIRM,pooled_session,Z,spectrum,23,0.92348298218281899
OpenBMI,AIRM,pooled_session,Z,spectrum,24,0.96961602233009858
OpenBMI,AIRM,pooled_session,Z,spectrum,25,0.96987696040041627
OpenBMI,AIRM,pooled_session,Z,spectrum,26,0.37172661067435142
OpenBMI,AIRM,pooled_session,Z,spectrum,27,0.50035987326246456
OpenBMI,AIRM,pooled_session,Z,spectrum,28,0.79404394394627287
OpenBMI,AIRM,pooled_session,Z,spectrum,29,0.96807795722194079
OpenBMI,AIRM,pooled_session,Z,spectrum,30,0.88383594257892484
OpenBMI,AIRM,pooled_session,Z,spectrum,31,0.96485437647931094
OpenBMI,AIRM,pooled_session,Z,spectrum,32,0.97662327030429263
OpenBMI,AIRM,pooled_session,Z,spectrum,33,0.94424011323088097
OpenBMI,AIRM,pooled_session,Z,spectrum,34,0.97323491357822567
OpenBMI,AIRM,pooled_session,Z,spectrum,35,0.86553426802129207
OpenBMI,AIRM,pooled_session,Z,spectrum,36,0.92203580177865918
OpenBMI,AIRM,pooled_session,Z,spectrum,37,0.94450350412634176
OpenBMI,AIRM,pooled_session,Z,spectrum,38,0.77074233931561864
OpenBMI,AIRM,pooled_session,Z,spectrum,39,0.94222403561383683
OpenBMI,AIRM,pooled_session,Z,spectrum,40,0.97502605506998208
OpenBMI,AIRM,pooled_session,Z,spectrum,41,0.96590115020138401
OpenBMI,AIRM,pooled_session,Z,spectrum,42,0.89233918555450598
OpenBMI,AIRM,pooled_session,Z,spectrum,43,0.95882640479494485
OpenBMI,AIRM,pooled_session,Z,spectrum,44,0.96649596351294931
OpenBMI,AIRM,pooled_session,Z,spectrum,45,0.68873090771565904
OpenBMI,AIRM,pooled_session,Z,spectrum,46,0.96676246345646089
OpenBMI,AIRM,pooled_session,Z,spectrum,47,0.89401993620749431
OpenBMI,AIRM,pooled_session,Z,spectrum,48,0.75270531873334046
OpenBMI,AIRM,pooled_session,Z,spectrum,49,0.98555111665590023
OpenBMI,AIRM,pooled_session,Z,spectrum,50,0.81676284339306926
OpenBMI,AIRM,pooled_session,Z,spectrum,51,0.98408172627527146
OpenBMI,AIRM,pooled_session,Z,spectrum,52,0.86039281613159579
OpenBMI,AIRM,pooled_session,Z,spectrum,53,0.95984833798765745
OpenBMI,AIRM,pooled_session,Z,spectrum,54,0.48447936374221789
OpenBMI,AIRM,pooled_session,R,sensor,1,0.18858228107765496
OpenBMI,AIRM,pooled_session,R,sensor,2,0.079396664396639477
OpenBMI,AIRM,pooled_session,R,sensor,3,0.60310402373515293
OpenBMI,AIRM,pooled_session,R,sensor,4,0.35121924391603498
OpenBMI,AIRM,pooled_session,R,sensor,5,0.44305192491051759
OpenBMI,AIRM,pooled_session,R,sensor,6,0.45122002111494042
OpenBMI,AIRM,pooled_session,R,sensor,7,0.16709821202069852
OpenBMI,AIRM,pooled_session,R,sensor,8,-0.14445050456891759
OpenBMI,AIRM,pooled_session,R,sensor,9,-0.044936595031349919
OpenBMI,AIRM,pooled_session,R,sensor,10,0.74718578050837903
OpenBMI,AIRM,pooled_session,R,sensor,11,0.41732808846621144
OpenBMI,AIRM,pooled_session,R,sensor,12,-0.11252756046559674
OpenBMI,AIRM,pooled_session,R,sensor,13,0.20968461783337911
OpenBMI,AIRM,pooled_session,R,sensor,14,0.33342170540008426
OpenBMI,AIRM,pooled_session,R,sensor,15,0.45985870828108183
OpenBMI,AIRM,pooled_session,R,sensor,16,-0.60280856824587115
OpenBMI,AIRM,pooled_session,R,sensor,17,0.31263618515481545
OpenBMI,AIRM,pooled_session,R,sensor,18,0.45423690412380135
OpenBMI,AIRM,pooled_session,R,sensor,19,0.18974717100571695
OpenBMI,AIRM,pooled_session,R,sensor,20,0.077383827871251379
OpenBMI,AIRM,pooled_session,R,sensor,21,0.69705391504807557
OpenBMI,AIRM,pooled_session,R,sensor,22,0.46464311610275566
OpenBMI,AIRM,pooled_session,R,sensor,23,0.42973092173586908
OpenBMI,AIRM,pooled_session,R,sensor,24,0.44908043303580208
OpenBMI,AIRM,pooled_session,R,sensor,25,0.63085851486582523
OpenBMI,AIRM,pooled_session,R,sensor,26,-0.045606482398482855
OpenBMI,AIRM,pooled_session,R,sensor,27,0.013847310861418726
OpenBMI,AIRM,pooled_session,R,sensor,28,0.37329462179477607
OpenBMI,AIRM,pooled_session,R,sensor,29,0.83512446360801884
OpenBMI,AIRM,pooled_session,R,sensor,30,0.28228908824669902
OpenBMI,AIRM,pooled_session,R,sensor,31,0.24164787126242834
OpenBMI,AIRM,pooled_session,R,sensor,32,0.80131122925776455
OpenBMI,AIRM,pooled_session,R,sensor,33,0.67395424902641676
OpenBMI,AIRM,pooled_session,R,sensor,34,0.49557842466530611
OpenBMI,AIRM,pooled_session,R,sensor,35,0.29570915810703408
OpenBMI,AIRM,pooled_session,R,sensor,36,0.82866738462916845
OpenBMI,AIRM,pooled_session,R,sensor,37,0.60113771442669517
OpenBMI,AIRM,pooled_session,R,sensor,38,0.24927789018927457
OpenBMI,AIRM,pooled_session,R,sensor,39,0.01801830960209707
OpenBMI,AIRM,pooled_session,R,sensor,40,0.47224092105739124
OpenBMI,AIRM,pooled_session,R,sensor,41,0.47981438970618839
OpenBMI,AIRM,pooled_session,R,sensor,42,0.50084958979498084
OpenBMI,AIRM,pooled_session,R,sensor,43,0.27933881056766158
OpenBMI,AIRM,pooled_session,R,sensor,44,0.79057537326788041
OpenBMI,AIRM,pooled_session,R,sensor,45,0.29631050419002802
OpenBMI,AIRM,pooled_session,R,sensor,46,0.6629750642722515
OpenBMI,AIRM,pooled_session,R,sensor,47,0.10194059738751556
OpenBMI,AIRM,pooled_session,R,sensor,48,0.26549809316372919
OpenBMI,AIRM,pooled_session,R,sensor,49,0.36344924168239795
OpenBMI,AIRM,pooled_session,R,sensor,50,0.46702512348038183
OpenBMI,AIRM,pooled_session,R,sensor,51,0.33886552677775861
OpenBMI,AIRM,pooled_session,R,sensor,52,0.36131007619216682
OpenBMI,AIRM,pooled_session,R,sensor,53,0.4478420828344255
OpenBMI,AIRM,pooled_session,R,sensor,54,0.022970393941873418
OpenBMI,AIRM,pooled_session,R,spectrum,1,0.75582576916325128
OpenBMI,AIRM,pooled_session,R,spectrum,2,0.94867222145326724
OpenBMI,AIRM,pooled_session,R,spectrum,3,0.82321018691277759
OpenBMI,AIRM,pooled_session,R,spectrum,4,0.67077678269101559
OpenBMI,AIRM,pooled_session,R,spectrum,5,0.98777549617641436
OpenBMI,AIRM,pooled_session,R,spectrum,6,0.98725744207616462
OpenBMI,AIRM,pooled_session,R,spectrum,7,0.98479095916136394
OpenBMI,AIRM,pooled_session,R,spectrum,8,0.69462017727153746
OpenBMI,AIRM,pooled_session,R,spectrum,9,0.54094772232580957
OpenBMI,AIRM,pooled_session,R,spectrum,10,0.98643425947393182
OpenBMI,AIRM,pooled_session,R,spectrum,11,0.89250430373603529
OpenBMI,AIRM,pooled_session,R,spectrum,12,0.289557676254797
OpenBMI,AIRM,pooled_session,R,spectrum,13,0.637717881463436
OpenBMI,AIRM,pooled_session,R,spectrum,14,0.97951739047267039
OpenBMI,AIRM,pooled_session,R,spectrum,15,0.98243078888458391
OpenBMI,AIRM,pooled_session,R,spectrum,16,-0.044199965268208019
OpenBMI,AIRM,pooled_session,R,spectrum,17,0.96393358074678426
OpenBMI,AIRM,pooled_session,R,spectrum,18,0.91493059846790059
OpenBMI,AIRM,pooled_session,R,spectrum,19,0.73925938924591783
OpenBMI,AIRM,pooled_session,R,spectrum,20,0.93569507700835919
OpenBMI,AIRM,pooled_session,R,spectrum,21,0.91365372314648596
OpenBMI,AIRM,pooled_session,R,spectrum,22,0.90726996751671674
OpenBMI,AIRM,pooled_session,R,spectrum,23,0.92348519895551495
OpenBMI,AIRM,pooled_session,R,spectrum,24,0.96961552010178509
OpenBMI,AIRM,pooled_session,R,spectrum,25,0.96987690240857916
OpenBMI,AIRM,pooled_session,R,spectrum,26,0.37173991236661841
OpenBMI,AIRM,pooled_session,R,spectrum,27,0.50036903873860361
OpenBMI,AIRM,pooled_session,R,spectrum,28,0.79404726321999941
OpenBMI,AIRM,pooled_session,R,spectrum,29,0.96807668046788709
OpenBMI,AIRM,pooled_session,R,spectrum,30,0.88384167694238147
OpenBMI,AIRM,pooled_session,R,spectrum,31,0.96485536738189781
OpenBMI,AIRM,pooled_session,R,spectrum,32,0.97662092740195205
OpenBMI,AIRM,pooled_session,R,spectrum,33,0.94423474670232166
OpenBMI,AIRM,pooled_session,R,spectrum,34,0.97321477178009552
OpenBMI,AIRM,pooled_session,R,spectrum,35,0.86553496869399582
OpenBMI,AIRM,pooled_session,R,spectrum,36,0.92203389476183695
OpenBMI,AIRM,pooled_session,R,spectrum,37,0.94448926182060455
OpenBMI,AIRM,pooled_session,R,spectrum,38,0.77074751051058599
OpenBMI,AIRM,pooled_session,R,spectrum,39,0.94222492465177221
OpenBMI,AIRM,pooled_session,R,spectrum,40,0.97502748869007905
OpenBMI,AIRM,pooled_session,R,spectrum,41,0.96589996019221935
OpenBMI,AIRM,pooled_session,R,spectrum,42,0.89234055971574466
OpenBMI,AIRM,pooled_session,R,spectrum,43,0.9588255899371505
OpenBMI,AIRM,pooled_session,R,spectrum,44,0.96649156855925411
OpenBMI,AIRM,pooled_session,R,spectrum,45,0.6887377898507967
OpenBMI,AIRM,pooled_session,R,spectrum,46,0.96676456846081382
OpenBMI,AIRM,pooled_session,R,spectrum,47,0.89402209083826278
OpenBMI,AIRM,pooled_session,R,spectrum,48,0.7527082973684367
OpenBMI,AIRM,pooled_session,R,spectrum,49,0.98555101826590907
OpenBMI,AIRM,pooled_session,R,spectrum,50,0.81676525040935444
OpenBMI,AIRM,pooled_session,R,spectrum,51,0.98407865678089712
OpenBMI,AIRM,pooled_session,R,spectrum,52,0.86039575970787685
OpenBMI,AIRM,pooled_session,R,spectrum,53,0.95984485799571351
OpenBMI,AIRM,pooled_session,R,spectrum,54,0.48448960889181758
OpenBMI,LE,session_specific,Z,sensor,1,0.05185070124219214
OpenBMI,LE,session_specific,Z,sensor,2,0.051849941982878414
OpenBMI,LE,session_specific,Z,sensor,3,0.55095314686263464
OpenBMI,LE,session_specific,Z,sensor,4,0.25514070796609162
OpenBMI,LE,session_specific,Z,sensor,5,0.455644481582059
OpenBMI,LE,session_specific,Z,sensor,6,0.40495525409973948
OpenBMI,LE,session_specific,Z,sensor,7,0.11685985264490321
OpenBMI,LE,session_specific,Z,sensor,8,-0.063735057806612691
OpenBMI,LE,session_specific,Z,sensor,9,-0.10486324944636911
OpenBMI,LE,session_specific,Z,sensor,10,0.70990914704858077
OpenBMI,LE,session_specific,Z,sensor,11,0.42263631085410891
OpenBMI,LE,session_specific,Z,sensor,12,-0.27694619999640857
OpenBMI,LE,session_specific,Z,sensor,13,0.15128798957283635
OpenBMI,LE,session_specific,Z,sensor,14,0.29981883521613106
OpenBMI,LE,session_specific,Z,sensor,15,0.5152014098439176
OpenBMI,LE,session_specific,Z,sensor,16,-0.67888179092748901
OpenBMI,LE,session_specific,Z,sensor,17,0.35034640408748513
OpenBMI,LE,session_specific,Z,sensor,18,0.41345235194791857
OpenBMI,LE,session_specific,Z,sensor,19,0.11121355750789767
OpenBMI,LE,session_specific,Z,sensor,20,0.019957118145036375
OpenBMI,LE,session_specific,Z,sensor,21,0.65322255625803261
OpenBMI,LE,session_specific,Z,sensor,22,0.41087033062148176
OpenBMI,LE,session_specific,Z,sensor,23,0.33917177675478266
OpenBMI,LE,session_specific,Z,sensor,24,0.38685415393835537
OpenBMI,LE,session_specific,Z,sensor,25,0.64866003151899476
OpenBMI,LE,session_specific,Z,sensor,26,-0.074276758347759389
OpenBMI,LE,session_specific,Z,sensor,27,-0.060995004381186914
OpenBMI,LE,session_specific,Z,sensor,28,0.33868830634409069
OpenBMI,LE,session_specific,Z,sensor,29,0.86432899090911897
OpenBMI,LE,session_specific,Z,sensor,30,0.25179777792248537
OpenBMI,LE,session_specific,Z,sensor,31,0.21717539663166657
OpenBMI,LE,session_specific,Z,sensor,32,0.76278563344096428
OpenBMI,LE,session_specific,Z,sensor,33,0.6522658483883903
OpenBMI,LE,session_specific,Z,sensor,34,0.46953442604223888
OpenBMI,LE,session_specific,Z,sensor,35,0.27149669048562558
OpenBMI,LE,session_specific,Z,sensor,36,0.79486355862673008
OpenBMI,LE,session_specific,Z,sensor,37,0.62511220267802603
OpenBMI,LE,session_specific,Z,sensor,38,0.15738885725522567
OpenBMI,LE,session_specific,Z,sensor,39,-0.023986275892059455
OpenBMI,LE,session_specific,Z,sensor,40,0.3823083665942581
OpenBMI,LE,session_specific,Z,sensor,41,0.42187577995835218
OpenBMI,LE,session_specific,Z,sensor,42,0.47917227471791257
OpenBMI,LE,session_specific,Z,sensor,43,0.27547019928826844
OpenBMI,LE,session_specific,Z,sensor,44,0.76675199374866954
OpenBMI,LE,session_specific,Z,sensor,45,0.23720392243745483
OpenBMI,LE,session_specific,Z,sensor,46,0.65657654119616071
OpenBMI,LE,session_specific,Z,sensor,47,0.075772719527894813
OpenBMI,LE,session_specific,Z,sensor,48,0.29886317557786785
OpenBMI,LE,session_specific,Z,sensor,49,0.24412164296940017
OpenBMI,LE,session_specific,Z,sensor,50,0.48475425631599839
OpenBMI,LE,session_specific,Z,sensor,51,0.32475580868176074
OpenBMI,LE,session_specific,Z,sensor,52,0.2830732719495615
OpenBMI,LE,session_specific,Z,sensor,53,0.41515503892441347
OpenBMI,LE,session_specific,Z,sensor,54,-0.10347411381377598
OpenBMI,LE,session_specific,Z,spectrum,1,0.64165675753947171
OpenBMI,LE,session_specific,Z,spectrum,2,0.92265866407050945
OpenBMI,LE,session_specific,Z,spectrum,3,0.77070717905002339
OpenBMI,LE,session_specific,Z,spectrum,4,0.56006361822497797
OpenBMI,LE,session_specific,Z,spectrum,5,0.97637115278598774
OpenBMI,LE,session_specific,Z,spectrum,6,0.98629220824413777
OpenBMI,LE,session_specific,Z,spectrum,7,0.96497628867227081
OpenBMI,LE,session_specific,Z,spectrum,8,0.69314434285695581
OpenBMI,LE,session_specific,Z,spectrum,9,0.49012597172583289
OpenBMI,LE,session_specific,Z,spectrum,10,0.98440582856147618
OpenBMI,LE,session_specific,Z,spectrum,11,0.88476989167629205
OpenBMI,LE,session_specific,Z,spectrum,12,0.096316623690228129
OpenBMI,LE,session_specific,Z,spectrum,13,0.59522921076566326
OpenBMI,LE,session_specific,Z,spectrum,14,0.96377688499268499
OpenBMI,LE,session_specific,Z,spectrum,15,0.98328619637598058
OpenBMI,LE,session_specific,Z,spectrum,16,-0.14169061567211116
OpenBMI,LE,session_specific,Z,spectrum,17,0.95128604595981481
OpenBMI,LE,session_specific,Z,spectrum,18,0.87138607627531772
OpenBMI,LE,session_specific,Z,spectrum,19,0.63208740420308429
OpenBMI,LE,session_specific,Z,spectrum,20,0.89536831171059295
OpenBMI,LE,session_specific,Z,spectrum,21,0.86801942126841458
OpenBMI,LE,session_specific,Z,spectrum,22,0.84763997226711818
OpenBMI,LE,session_specific,Z,spectrum,23,0.86533087423786426
OpenBMI,LE,session_specific,Z,spectrum,24,0.95860391465000949
OpenBMI,LE,session_specific,Z,spectrum,25,0.9757835521184387
OpenBMI,LE,session_specific,Z,spectrum,26,0.31971851581744293
OpenBMI,LE,session_specific,Z,spectrum,27,0.43592663722285757
OpenBMI,LE,session_specific,Z,spectrum,28,0.71883716704636869
OpenBMI,LE,session_specific,Z,spectrum,29,0.97087333819349353
OpenBMI,LE,session_specific,Z,spectrum,30,0.89244817632284201
OpenBMI,LE,session_specific,Z,spectrum,31,0.97161891792310873
OpenBMI,LE,session_specific,Z,spectrum,32,0.97778633630713241
OpenBMI,LE,session_specific,Z,spectrum,33,0.9474518627727756
OpenBMI,LE,session_specific,Z,spectrum,34,0.96148722076729209
OpenBMI,LE,session_specific,Z,spectrum,35,0.85228434787292529
OpenBMI,LE,session_specific,Z,spectrum,36,0.89953316649639681
OpenBMI,LE,session_specific,Z,spectrum,37,0.95420920110342533
OpenBMI,LE,session_specific,Z,spectrum,38,0.65234107708268385
OpenBMI,LE,session_specific,Z,spectrum,39,0.91711815723721679
OpenBMI,LE,session_specific,Z,spectrum,40,0.96292717378438286
OpenBMI,LE,session_specific,Z,spectrum,41,0.95563131448356908
OpenBMI,LE,session_specific,Z,spectrum,42,0.91702508658090687
OpenBMI,LE,session_specific,Z,spectrum,43,0.97002451258746447
OpenBMI,LE,session_specific,Z,spectrum,44,0.95931649713407874
OpenBMI,LE,session_specific,Z,spectrum,45,0.63131127087344652
OpenBMI,LE,session_specific,Z,spectrum,46,0.95298025480665216
OpenBMI,LE,session_specific,Z,spectrum,47,0.90626319364879782
OpenBMI,LE,session_specific,Z,spectrum,48,0.74241202226061354
OpenBMI,LE,session_specific,Z,spectrum,49,0.97144156742497134
OpenBMI,LE,session_specific,Z,spectrum,50,0.81902747223678363
OpenBMI,LE,session_specific,Z,spectrum,51,0.98672138871383241
OpenBMI,LE,session_specific,Z,spectrum,52,0.86804772499545368
OpenBMI,LE,session_specific,Z,spectrum,53,0.97072992443374839
OpenBMI,LE,session_specific,Z,spectrum,54,0.35494416917175764
OpenBMI,LE,session_specific,R,sensor,1,0.051850701242192092
OpenBMI,LE,session_specific,R,sensor,2,0.051849941982878393
OpenBMI,LE,session_specific,R,sensor,3,0.55095314686263441
OpenBMI,LE,session_specific,R,sensor,4,0.25514070796609173
OpenBMI,LE,session_specific,R,sensor,5,0.45564448158205861
OpenBMI,LE,session_specific,R,sensor,6,0.40495525409973931
OpenBMI,LE,session_specific,R,sensor,7,0.1168598526449033
OpenBMI,LE,session_specific,R,sensor,8,-0.063735057806612413
OpenBMI,LE,session_specific,R,sensor,9,-0.10486324944636906
OpenBMI,LE,session_specific,R,sensor,10,0.70990914704858155
OpenBMI,LE,session_specific,R,sensor,11,0.42263631085410869
OpenBMI,LE,session_specific,R,sensor,12,-0.27694619999640879
OpenBMI,LE,session_specific,R,sensor,13,0.15128798957283635
OpenBMI,LE,session_specific,R,sensor,14,0.29981883521613084
OpenBMI,LE,session_specific,R,sensor,15,0.51520140984391782
OpenBMI,LE,session_specific,R,sensor,16,-0.67888179092748913
OpenBMI,LE,session_specific,R,sensor,17,0.35034640408748496
OpenBMI,LE,session_specific,R,sensor,18,0.41345235194791879
OpenBMI,LE,session_specific,R,sensor,19,0.11121355750789788
OpenBMI,LE,session_specific,R,sensor,20,0.019957118145036347
OpenBMI,LE,session_specific,R,sensor,21,0.65322255625803261
OpenBMI,LE,session_specific,R,sensor,22,0.41087033062148143
OpenBMI,LE,session_specific,R,sensor,23,0.33917177675478294
OpenBMI,LE,session_specific,R,sensor,24,0.38685415393835587
OpenBMI,LE,session_specific,R,sensor,25,0.64866003151899554
OpenBMI,LE,session_specific,R,sensor,26,-0.0742767583477595
OpenBMI,LE,session_specific,R,sensor,27,-0.060995004381186942
OpenBMI,LE,session_specific,R,sensor,28,0.33868830634409086
OpenBMI,LE,session_specific,R,sensor,29,0.86432899090911874
OpenBMI,LE,session_specific,R,sensor,30,0.25179777792248531
OpenBMI,LE,session_specific,R,sensor,31,0.21717539663166679
OpenBMI,LE,session_specific,R,sensor,32,0.76278563344096428
OpenBMI,LE,session_specific,R,sensor,33,0.65226584838839086
OpenBMI,LE,session_specific,R,sensor,34,0.46953442604223861
OpenBMI,LE,session_specific,R,sensor,35,0.27149669048562569
OpenBMI,LE,session_specific,R,sensor,36,0.79486355862672975
OpenBMI,LE,session_specific,R,sensor,37,0.62511220267802581
OpenBMI,LE,session_specific,R,sensor,38,0.15738885725522572
OpenBMI,LE,session_specific,R,sensor,39,-0.02398627589205948
OpenBMI,LE,session_specific,R,sensor,40,0.38230836659425804
OpenBMI,LE,session_specific,R,sensor,41,0.42187577995835251
OpenBMI,LE,session_specific,R,sensor,42,0.47917227471791268
OpenBMI,LE,session_specific,R,sensor,43,0.2754701992882686
OpenBMI,LE,session_specific,R,sensor,44,0.76675199374866998
OpenBMI,LE,session_specific,R,sensor,45,0.23720392243745508
OpenBMI,LE,session_specific,R,sensor,46,0.6565765411961606
OpenBMI,LE,session_specific,R,sensor,47,0.075772719527894772
OpenBMI,LE,session_specific,R,sensor,48,0.29886317557786768
OpenBMI,LE,session_specific,R,sensor,49,0.24412164296939998
OpenBMI,LE,session_specific,R,sensor,50,0.48475425631599861
OpenBMI,LE,session_specific,R,sensor,51,0.32475580868176063
OpenBMI,LE,session_specific,R,sensor,52,0.28307327194956144
OpenBMI,LE,session_specific,R,sensor,53,0.41515503892441363
OpenBMI,LE,session_specific,R,sensor,54,-0.1034741138137759
OpenBMI,LE,session_specific,R,spectrum,1,0.64165675753947171
OpenBMI,LE,session_specific,R,spectrum,2,0.92265866407050989
OpenBMI,LE,session_specific,R,spectrum,3,0.77070717905002284
OpenBMI,LE,session_specific,R,spectrum,4,0.56006361822497752
OpenBMI,LE,session_specific,R,spectrum,5,0.97637115278598774
OpenBMI,LE,session_specific,R,spectrum,6,0.98629220824413777
OpenBMI,LE,session_specific,R,spectrum,7,0.9649762886722707
OpenBMI,LE,session_specific,R,spectrum,8,0.69314434285695581
OpenBMI,LE,session_specific,R,spectrum,9,0.49012597172583294
OpenBMI,LE,session_specific,R,spectrum,10,0.98440582856147618
OpenBMI,LE,session_specific,R,spectrum,11,0.88476989167629172
OpenBMI,LE,session_specific,R,spectrum,12,0.096316623690228184
OpenBMI,LE,session_specific,R,spectrum,13,0.59522921076566293
OpenBMI,LE,session_specific,R,spectrum,14,0.9637768849926851
OpenBMI,LE,session_specific,R,spectrum,15,0.98328619637598047
OpenBMI,LE,session_specific,R,spectrum,16,-0.14169061567211133
OpenBMI,LE,session_specific,R,spectrum,17,0.95128604595981403
OpenBMI,LE,session_specific,R,spectrum,18,0.87138607627531794
OpenBMI,LE,session_specific,R,spectrum,19,0.63208740420308429
OpenBMI,LE,session_specific,R,spectrum,20,0.89536831171059295
OpenBMI,LE,session_specific,R,spectrum,21,0.86801942126841469
OpenBMI,LE,session_specific,R,spectrum,22,0.84763997226711807
OpenBMI,LE,session_specific,R,spectrum,23,0.86533087423786437
OpenBMI,LE,session_specific,R,spectrum,24,0.95860391465000927
OpenBMI,LE,session_specific,R,spectrum,25,0.97578355211843848
OpenBMI,LE,session_specific,R,spectrum,26,0.31971851581744276
OpenBMI,LE,session_specific,R,spectrum,27,0.43592663722285813
OpenBMI,LE,session_specific,R,spectrum,28,0.71883716704636891
OpenBMI,LE,session_specific,R,spectrum,29,0.97087333819349309
OpenBMI,LE,session_specific,R,spectrum,30,0.89244817632284212
OpenBMI,LE,session_specific,R,spectrum,31,0.9716189179231085
OpenBMI,LE,session_specific,R,spectrum,32,0.97778633630713296
OpenBMI,LE,session_specific,R,spectrum,33,0.94745186277277538
OpenBMI,LE,session_specific,R,spectrum,34,0.96148722076729221
OpenBMI,LE,session_specific,R,spectrum,35,0.85228434787292529
OpenBMI,LE,session_specific,R,spectrum,36,0.89953316649639714
OpenBMI,LE,session_specific,R,spectrum,37,0.95420920110342566
OpenBMI,LE,session_specific,R,spectrum,38,0.65234107708268374
OpenBMI,LE,session_specific,R,spectrum,39,0.91711815723721668
OpenBMI,LE,session_specific,R,spectrum,40,0.96292717378438253
OpenBMI,LE,session_specific,R,spectrum,41,0.95563131448356886
OpenBMI,LE,session_specific,R,spectrum,42,0.91702508658090665
OpenBMI,LE,session_specific,R,spectrum,43,0.97002451258746425
OpenBMI,LE,session_specific,R,spectrum,44,0.95931649713407863
OpenBMI,LE,session_specific,R,spectrum,45,0.6313112708734463
OpenBMI,LE,session_specific,R,spectrum,46,0.95298025480665216
OpenBMI,LE,session_specific,R,spectrum,47,0.90626319364879793
OpenBMI,LE,session_specific,R,spectrum,48,0.74241202226061331
OpenBMI,LE,session_specific,R,spectrum,49,0.97144156742497156
OpenBMI,LE,session_specific,R,spectrum,50,0.81902747223678385
OpenBMI,LE,session_specific,R,spectrum,51,0.98672138871383253
OpenBMI,LE,session_specific,R,spectrum,52,0.86804772499545424
OpenBMI,LE,session_specific,R,spectrum,53,0.97072992443374861
OpenBMI,LE,session_specific,R,spectrum,54,0.35494416917175786
OpenBMI,LE,pooled_session,Z,sensor,1,0.10229986199825913
OpenBMI,LE,pooled_session,Z,sensor,2,0.054974296503862742
OpenBMI,LE,pooled_session,Z,sensor,3,0.58188441258448753
OpenBMI,LE,pooled_session,Z,sensor,4,0.31808696676047471
OpenBMI,LE,pooled_session,Z,sensor,5,0.43825528605959629
OpenBMI,LE,pooled_session,Z,sensor,6,0.43211946713774063
OpenBMI,LE,pooled_session,Z,sensor,7,0.11934207382181335
OpenBMI,LE,pooled_session,Z,sensor,8,-0.090131176150232334
OpenBMI,LE,pooled_session,Z,sensor,9,-0.11230099906846849
OpenBMI,LE,pooled_session,Z,sensor,10,0.73538060170795128
OpenBMI,LE,pooled_session,Z,sensor,11,0.39110932728119435
OpenBMI,LE,pooled_session,Z,sensor,12,-0.21980145468886558
OpenBMI,LE,pooled_session,Z,sensor,13,0.1598209418567795
OpenBMI,LE,pooled_session,Z,sensor,14,0.31188375596686446
OpenBMI,LE,pooled_session,Z,sensor,15,0.50713493906693619
OpenBMI,LE,pooled_session,Z,sensor,16,-0.67737268094501391
OpenBMI,LE,pooled_session,Z,sensor,17,0.36009654170495775
OpenBMI,LE,pooled_session,Z,sensor,18,0.44737424877066478
OpenBMI,LE,pooled_session,Z,sensor,19,0.15610642983602871
OpenBMI,LE,pooled_session,Z,sensor,20,0.079072694335980076
OpenBMI,LE,pooled_session,Z,sensor,21,0.67285717383838883
OpenBMI,LE,pooled_session,Z,sensor,22,0.49240466989963227
OpenBMI,LE,pooled_session,Z,sensor,23,0.38017583433372681
OpenBMI,LE,pooled_session,Z,sensor,24,0.45119725933449362
OpenBMI,LE,pooled_session,Z,sensor,25,0.65331145724248474
OpenBMI,LE,pooled_session,Z,sensor,26,-0.085803696943857422
OpenBMI,LE,pooled_session,Z,sensor,27,-0.085408967708600889
OpenBMI,LE,pooled_session,Z,sensor,28,0.36799784241649752
OpenBMI,LE,pooled_session,Z,sensor,29,0.85998690637055564
OpenBMI,LE,pooled_session,Z,sensor,30,0.24740871931823311
OpenBMI,LE,pooled_session,Z,sensor,31,0.18986313777908506
OpenBMI,LE,pooled_session,Z,sensor,32,0.78209577608133785
OpenBMI,LE,pooled_session,Z,sensor,33,0.6731633488716231
OpenBMI,LE,pooled_session,Z,sensor,34,0.47115908986208799
OpenBMI,LE,pooled_session,Z,sensor,35,0.23080224412506381
OpenBMI,LE,pooled_session,Z,sensor,36,0.80494060352775243
OpenBMI,LE,pooled_session,Z,sensor,37,0.62199905952399903
OpenBMI,LE,pooled_session,Z,sensor,38,0.20380059937655592
OpenBMI,LE,pooled_session,Z,sensor,39,-0.033648816024851529
OpenBMI,LE,pooled_session,Z,sensor,40,0.43263560791293876
OpenBMI,LE,pooled_session,Z,sensor,41,0.41261687421809312
OpenBMI,LE,pooled_session,Z,sensor,42,0.49893748968520313
OpenBMI,LE,pooled_session,Z,sensor,43,0.26796166715122183
OpenBMI,LE,pooled_session,Z,sensor,44,0.76529452401796016
OpenBMI,LE,pooled_session,Z,sensor,45,0.21020197831363838
OpenBMI,LE,pooled_session,Z,sensor,46,0.67141416279318034
OpenBMI,LE,pooled_session,Z,sensor,47,0.068082051057488546
OpenBMI,LE,pooled_session,Z,sensor,48,0.26881408816205243
OpenBMI,LE,pooled_session,Z,sensor,49,0.31219311779057063
OpenBMI,LE,pooled_session,Z,sensor,50,0.43972085884514561
OpenBMI,LE,pooled_session,Z,sensor,51,0.32997142366956078
OpenBMI,LE,pooled_session,Z,sensor,52,0.30839136802211925
OpenBMI,LE,pooled_session,Z,sensor,53,0.41390562358608546
OpenBMI,LE,pooled_session,Z,sensor,54,-0.048120458483620406
OpenBMI,LE,pooled_session,Z,spectrum,1,0.6939292562279421
OpenBMI,LE,pooled_session,Z,spectrum,2,0.94704479559507049
OpenBMI,LE,pooled_session,Z,spectrum,3,0.79245387014004498
OpenBMI,LE,pooled_session,Z,spectrum,4,0.6198733963720402
OpenBMI,LE,pooled_session,Z,spectrum,5,0.98740240796350276
OpenBMI,LE,pooled_session,Z,spectrum,6,0.98943761887922554
OpenBMI,LE,pooled_session,Z,spectrum,7,0.9696272760506881
OpenBMI,LE,pooled_session,Z,spectrum,8,0.64467346464149178
OpenBMI,LE,pooled_session,Z,spectrum,9,0.44177362695317501
OpenBMI,LE,pooled_session,Z,spectrum,10,0.98435859382375734
OpenBMI,LE,pooled_session,Z,spectrum,11,0.86062042667148775
OpenBMI,LE,pooled_session,Z,spectrum,12,0.14300640357359737
OpenBMI,LE,pooled_session,Z,spectrum,13,0.55419249134365189
OpenBMI,LE,pooled_session,Z,spectrum,14,0.97922334035977521
OpenBMI,LE,pooled_session,Z,spectrum,15,0.98108910559876106
OpenBMI,LE,pooled_session,Z,spectrum,16,-0.15494605705752465
OpenBMI,LE,pooled_session,Z,spectrum,17,0.96261195524805354
OpenBMI,LE,pooled_session,Z,spectrum,18,0.89419449350451063
OpenBMI,LE,pooled_session,Z,spectrum,19,0.68422624558895295
OpenBMI,LE,pooled_session,Z,spectrum,20,0.91440268482422216
OpenBMI,LE,pooled_session,Z,spectrum,21,0.88661271772313532
OpenBMI,LE,pooled_session,Z,spectrum,22,0.87925627148499164
OpenBMI,LE,pooled_session,Z,spectrum,23,0.89627595052431708
OpenBMI,LE,pooled_session,Z,spectrum,24,0.97123237107017224
OpenBMI,LE,pooled_session,Z,spectrum,25,0.96392143207346748
OpenBMI,LE,pooled_session,Z,spectrum,26,0.29544944840976395
OpenBMI,LE,pooled_session,Z,spectrum,27,0.41129456535063025
OpenBMI,LE,pooled_session,Z,spectrum,28,0.75602155328247911
OpenBMI,LE,pooled_session,Z,spectrum,29,0.96911785420108321
OpenBMI,LE,pooled_session,Z,spectrum,30,0.87273133115501
OpenBMI,LE,pooled_session,Z,spectrum,31,0.97820538323037454
OpenBMI,LE,pooled_session,Z,spectrum,32,0.97995260665880524
OpenBMI,LE,pooled_session,Z,spectrum,33,0.93828438732089636
OpenBMI,LE,pooled_session,Z,spectrum,34,0.96275880208123399
OpenBMI,LE,pooled_session,Z,spectrum,35,0.82767467025104746
OpenBMI,LE,pooled_session,Z,spectrum,36,0.90797523845787953
OpenBMI,LE,pooled_session,Z,spectrum,37,0.95040357009146337
OpenBMI,LE,pooled_session,Z,spectrum,38,0.71613935999355094
OpenBMI,LE,pooled_session,Z,spectrum,39,0.94139881186840546
OpenBMI,LE,pooled_session,Z,spectrum,40,0.97575884953586334
OpenBMI,LE,pooled_session,Z,spectrum,41,0.96920825172874936
OpenBMI,LE,pooled_session,Z,spectrum,42,0.90052752104642719
OpenBMI,LE,pooled_session,Z,spectrum,43,0.96110665216849445
OpenBMI,LE,pooled_session,Z,spectrum,44,0.95520701257317442
OpenBMI,LE,pooled_session,Z,spectrum,45,0.61939214868332548
OpenBMI,LE,pooled_session,Z,spectrum,46,0.96504750718180643
OpenBMI,LE,pooled_session,Z,spectrum,47,0.88305017357237936
OpenBMI,LE,pooled_session,Z,spectrum,48,0.72066608406097343
OpenBMI,LE,pooled_session,Z,spectrum,49,0.97649284450042273
OpenBMI,LE,pooled_session,Z,spectrum,50,0.79989798465978557
OpenBMI,LE,pooled_session,Z,spectrum,51,0.98215350748618457
OpenBMI,LE,pooled_session,Z,spectrum,52,0.82555249786095064
OpenBMI,LE,pooled_session,Z,spectrum,53,0.95935749586999342
OpenBMI,LE,pooled_session,Z,spectrum,54,0.40313514999351624
OpenBMI,LE,pooled_session,R,sensor,1,0.10229986199825912
OpenBMI,LE,pooled_session,R,sensor,2,0.054974296503862763
OpenBMI,LE,pooled_session,R,sensor,3,0.58188441258448786
OpenBMI,LE,pooled_session,R,sensor,4,0.31808696676047399
OpenBMI,LE,pooled_session,R,sensor,5,0.43825528605959685
OpenBMI,LE,pooled_session,R,sensor,6,0.43211946713774052
OpenBMI,LE,pooled_session,R,sensor,7,0.11934207382181344
OpenBMI,LE,pooled_session,R,sensor,8,-0.090131176150232112
OpenBMI,LE,pooled_session,R,sensor,9,-0.11230099906846858
OpenBMI,LE,pooled_session,R,sensor,10,0.7353806017079525
OpenBMI,LE,pooled_session,R,sensor,11,0.39110932728119435
OpenBMI,LE,pooled_session,R,sensor,12,-0.21980145468886578
OpenBMI,LE,pooled_session,R,sensor,13,0.1598209418567795
OpenBMI,LE,pooled_session,R,sensor,14,0.31188375596686441
OpenBMI,LE,pooled_session,R,sensor,15,0.50713493906693663
OpenBMI,LE,pooled_session,R,sensor,16,-0.67737268094501424
OpenBMI,LE,pooled_session,R,sensor,17,0.36009654170495803
OpenBMI,LE,pooled_session,R,sensor,18,0.4473742487706649
OpenBMI,LE,pooled_session,R,sensor,19,0.15610642983602882
OpenBMI,LE,pooled_session,R,sensor,20,0.079072694335980132
OpenBMI,LE,pooled_session,R,sensor,21,0.67285717383838939
OpenBMI,LE,pooled_session,R,sensor,22,0.49240466989963216
OpenBMI,LE,pooled_session,R,sensor,23,0.38017583433372731
OpenBMI,LE,pooled_session,R,sensor,24,0.45119725933449384
OpenBMI,LE,pooled_session,R,sensor,25,0.65331145724248407
OpenBMI,LE,pooled_session,R,sensor,26,-0.08580369694385738
OpenBMI,LE,pooled_session,R,sensor,27,-0.085408967708600944
OpenBMI,LE,pooled_session,R,sensor,28,0.36799784241649747
OpenBMI,LE,pooled_session,R,sensor,29,0.85998690637055475
OpenBMI,LE,pooled_session,R,sensor,30,0.24740871931823311
OpenBMI,LE,pooled_session,R,sensor,31,0.18986313777908503
OpenBMI,LE,pooled_session,R,sensor,32,0.78209577608133851
OpenBMI,LE,pooled_session,R,sensor,33,0.67316334887162321
OpenBMI,LE,pooled_session,R,sensor,34,0.47115908986208704
OpenBMI,LE,pooled_session,R,sensor,35,0.23080224412506367
OpenBMI,LE,pooled_session,R,sensor,36,0.80494060352775254
OpenBMI,LE,pooled_session,R,sensor,37,0.62199905952399892
OpenBMI,LE,pooled_session,R,sensor,38,0.2038005993765559
OpenBMI,LE,pooled_session,R,sensor,39,-0.033648816024851542
OpenBMI,LE,pooled_session,R,sensor,40,0.4326356079129387
OpenBMI,LE,pooled_session,R,sensor,41,0.41261687421809345
OpenBMI,LE,pooled_session,R,sensor,42,0.49893748968520346
OpenBMI,LE,pooled_session,R,sensor,43,0.26796166715122199
OpenBMI,LE,pooled_session,R,sensor,44,0.76529452401796072
OpenBMI,LE,pooled_session,R,sensor,45,0.21020197831363838
OpenBMI,LE,pooled_session,R,sensor,46,0.67141416279317934
OpenBMI,LE,pooled_session,R,sensor,47,0.06808205105748863
OpenBMI,LE,pooled_session,R,sensor,48,0.26881408816205254
OpenBMI,LE,pooled_session,R,sensor,49,0.3121931177905708
OpenBMI,LE,pooled_session,R,sensor,50,0.43972085884514628
OpenBMI,LE,pooled_session,R,sensor,51,0.32997142366956078
OpenBMI,LE,pooled_session,R,sensor,52,0.30839136802211908
OpenBMI,LE,pooled_session,R,sensor,53,0.41390562358608551
OpenBMI,LE,pooled_session,R,sensor,54,-0.048120458483620475
OpenBMI,LE,pooled_session,R,spectrum,1,0.69392925622794244
OpenBMI,LE,pooled_session,R,spectrum,2,0.94704479559507049
OpenBMI,LE,pooled_session,R,spectrum,3,0.79245387014004498
OpenBMI,LE,pooled_session,R,spectrum,4,0.61987339637204053
OpenBMI,LE,pooled_session,R,spectrum,5,0.9874024079635032
OpenBMI,LE,pooled_session,R,spectrum,6,0.98943761887922577
OpenBMI,LE,pooled_session,R,spectrum,7,0.96962727605068799
OpenBMI,LE,pooled_session,R,spectrum,8,0.64467346464149189
OpenBMI,LE,pooled_session,R,spectrum,9,0.44177362695317535
OpenBMI,LE,pooled_session,R,spectrum,10,0.98435859382375723
OpenBMI,LE,pooled_session,R,spectrum,11,0.86062042667148808
OpenBMI,LE,pooled_session,R,spectrum,12,0.1430064035735974
OpenBMI,LE,pooled_session,R,spectrum,13,0.55419249134365201
OpenBMI,LE,pooled_session,R,spectrum,14,0.9792233403597751
OpenBMI,LE,pooled_session,R,spectrum,15,0.98108910559876106
OpenBMI,LE,pooled_session,R,spectrum,16,-0.15494605705752465
OpenBMI,LE,pooled_session,R,spectrum,17,0.9626119552480531
OpenBMI,LE,pooled_session,R,spectrum,18,0.89419449350451063
OpenBMI,LE,pooled_session,R,spectrum,19,0.68422624558895295
OpenBMI,LE,pooled_session,R,spectrum,20,0.91440268482422216
OpenBMI,LE,pooled_session,R,spectrum,21,0.8866127177231351
OpenBMI,LE,pooled_session,R,spectrum,22,0.87925627148499164
OpenBMI,LE,pooled_session,R,spectrum,23,0.89627595052431697
OpenBMI,LE,pooled_session,R,spectrum,24,0.97123237107017246
OpenBMI,LE,pooled_session,R,spectrum,25,0.96392143207346759
OpenBMI,LE,pooled_session,R,spectrum,26,0.29544944840976362
OpenBMI,LE,pooled_session,R,spectrum,27,0.41129456535063053
OpenBMI,LE,pooled_session,R,spectrum,28,0.75602155328247911
OpenBMI,LE,pooled_session,R,spectrum,29,0.96911785420108265
OpenBMI,LE,pooled_session,R,spectrum,30,0.87273133115501011
OpenBMI,LE,pooled_session,R,spectrum,31,0.97820538323037465
OpenBMI,LE,pooled_session,R,spectrum,32,0.9799526066588049
OpenBMI,LE,pooled_session,R,spectrum,33,0.93828438732089625
OpenBMI,LE,pooled_session,R,spectrum,34,0.96275880208123421
OpenBMI,LE,pooled_session,R,spectrum,35,0.82767467025104768
OpenBMI,LE,pooled_session,R,spectrum,36,0.90797523845787964
OpenBMI,LE,pooled_session,R,spectrum,37,0.95040357009146315
OpenBMI,LE,pooled_session,R,spectrum,38,0.71613935999355116
OpenBMI,LE,pooled_session,R,spectrum,39,0.94139881186840535
OpenBMI,LE,pooled_session,R,spectrum,40,0.97575884953586312
OpenBMI,LE,pooled_session,R,spectrum,41,0.96920825172875003
OpenBMI,LE,pooled_session,R,spectrum,42,0.90052752104642708
OpenBMI,LE,pooled_session,R,spectrum,43,0.96110665216849422
OpenBMI,LE,pooled_session,R,spectrum,44,0.95520701257317475
OpenBMI,LE,pooled_session,R,spectrum,45,0.61939214868332582
OpenBMI,LE,pooled_session,R,spectrum,46,0.96504750718180621
OpenBMI,LE,pooled_session,R,spectrum,47,0.88305017357237914
OpenBMI,LE,pooled_session,R,spectrum,48,0.72066608406097366
OpenBMI,LE,pooled_session,R,spectrum,49,0.97649284450042273
OpenBMI,LE,pooled_session,R,spectrum,50,0.79989798465978557
OpenBMI,LE,pooled_session,R,spectrum,51,0.98215350748618413
OpenBMI,LE,pooled_session,R,spectrum,52,0.82555249786095097
OpenBMI,LE,pooled_session,R,spectrum,53,0.95935749586999342
OpenBMI,LE,pooled_session,R,spectrum,54,0.40313514999351613
