session,geometry,subject,split,pi_left_hand,pi_right_hand,pi_feet,pi_tongue,balanced,anchor_energy,trace_G,anchor_fraction
0train,AIRM,1,A,0.25,0.25,0.25,0.25,True,8.769591181657932e-06,4.717813227832307,1.8588254257126017e-06
0train,AIRM,1,B,0.25,0.25,0.25,0.25,True,1.5133899600526524e-05,5.164351200831494,2.930455155352306e-06
0train,AIRM,1,F,0.25,0.25,0.25,0.25,True,8.122788662807967e-06,4.780001496764575,1.6993276400239654e-06
0train,AIRM,2,A,0.25,0.25,0.25,0.25,True,1.3607194782822365e-06,1.190551137014164,1.1429324083422787e-06
0train,AIRM,2,B,0.25,0.25,0.25,0.25,True,1.165893225109349e-06,0.8598691902268046,1.355896034374514e-06
0train,AIRM,2,F,0.25,0.25,0.25,0.25,True,5.309085693649225e-07,0.8612327713392195,6.164518897015008e-07
0train,AIRM,3,A,0.25,0.25,0.25,0.25,True,1.241188709318053e-05,5.73024449928522,2.1660309773394075e-06
0train,AIRM,3,B,0.25,0.25,0.25,0.25,True,8.30935508910717e-06,2.5483441651054637,3.260687941168765e-06
0train,AIRM,3,F,0.25,0.25,0.25,0.25,True,6.399743745100911e-06,3.749866491901887,1.7066590927761373e-06
0train,AIRM,4,A,0.25,0.25,0.25,0.25,True,9.076339303603232e-07,0.6090981105667176,1.4901276405468434e-06
0train,AIRM,4,B,0.25,0.25,0.25,0.25,True,1.0334077816791937e-06,0.8485298527869074,1.2178802882244793e-06
0train,AIRM,4,F,0.25,0.25,0.25,0.25,True,3.8509798916874435e-07,0.5736506128904243,6.713110393596036e-07
0train,AIRM,5,A,0.25,0.25,0.25,0.25,True,8.02172016647288e-07,0.40030460395454537,2.003904048873679e-06
0train,AIRM,5,B,0.25,0.25,0.25,0.25,True,1.4185932886310248e-06,0.5527825241434483,2.566277381560088e-06
0train,AIRM,5,F,0.25,0.25,0.25,0.25,True,5.268784649418361e-07,0.3288522090124809,1.6021740176963186e-06
0train,AIRM,6,A,0.25,0.25,0.25,0.25,True,5.501763173084394e-06,1.0508138260109174,5.235716391332706e-06
0train,AIRM,6,B,0.25,0.25,0.25,0.25,True,4.608462081997361e-06,1.1392368571632185,4.04521856277786e-06
0train,AIRM,6,F,0.25,0.25,0.25,0.25,True,1.9751841988215404e-06,0.8669559642454205,2.2782981838537755e-06
0train,AIRM,7,A,0.25,0.25,0.25,0.25,True,4.120915710921838e-06,2.940893082927051,1.4012463543286376e-06
0train,AIRM,7,B,0.25,0.25,0.25,0.25,True,2.334495938510414e-06,1.8111879358625593,1.2889308129134787e-06
0train,AIRM,7,F,0.25,0.25,0.25,0.25,True,1.9660728910186887e-06,2.1840000289826595,9.002165132454304e-07
0train,AIRM,8,A,0.25,0.25,0.25,0.25,True,1.4562596299373676e-05,3.8600384996020525,3.7726557133756554e-06
0train,AIRM,8,B,0.25,0.25,0.25,0.25,True,1.1422069638212379e-05,3.06605664998104,3.7253289622952693e-06
0train,AIRM,8,F,0.25,0.25,0.25,0.25,True,8.1446169698067e-06,3.241538134954867,2.512577866038309e-06
0train,AIRM,9,A,0.25,0.25,0.25,0.25,True,1.5442823328868684e-05,4.000054574026472,3.860653159370241e-06
0train,AIRM,9,B,0.25,0.25,0.25,0.25,True,1.4078691231750491e-05,3.830435139728964,3.6754809096563056e-06
0train,AIRM,9,F,0.25,0.25,0.25,0.25,True,8.81749072961964e-06,3.6516504532597933,2.414659026782903e-06
0train,LE,1,A,0.25,0.25,0.25,0.25,True,-8.326672684688674e-17,3.731732963059173,-2.2313152540965028e-17
0train,LE,1,B,0.25,0.25,0.25,0.25,True,-6.938893903907228e-18,4.201566949285174,-1.6515014487839507e-18
0train,LE,1,F,0.25,0.25,0.25,0.25,True,2.0816681711721685e-17,3.8533754819398682,5.402193948989923e-18
0train,LE,2,A,0.25,0.25,0.25,0.25,True,-1.3010426069826053e-18,0.9516022265240325,-1.3672126553707132e-18
0train,LE,2,B,0.25,0.25,0.25,0.25,True,-2.4069288229178198e-17,0.6513012860528002,-3.695568970092119e-17
0train,LE,2,F,0.25,0.25,0.25,0.25,True,9.107298248878237e-18,0.6760733118612503,1.3470873778178832e-17
0train,LE,3,A,0.25,0.25,0.25,0.25,True,-1.249000902703301e-16,4.838948922501304,-2.5811409103646402e-17
0train,LE,3,B,0.25,0.25,0.25,0.25,True,-2.7755575615628914e-17,2.075263201800909,-1.3374484543234172e-17
0train,LE,3,F,0.25,0.25,0.25,0.25,True,2.7755575615628914e-17,3.1467780957879015,8.820315500727857e-18
0train,LE,4,A,0.25,0.25,0.25,0.25,True,-2.6020852139652106e-18,0.46693450040331597,-5.572698551333543e-18
0train,LE,4,B,0.25,0.25,0.25,0.25,True,-6.938893903907228e-18,0.7213833082198483,-9.618872276141626e-18
0train,LE,4,F,0.25,0.25,0.25,0.25,True,6.071532165918825e-18,0.47388565893080314,1.2812230232114686e-17
0train,LE,5,A,0.25,0.25,0.25,0.25,True,-8.890457814381136e-18,0.29240135494584907,-3.0404981591236454e-17
0train,LE,5,B,0.25,0.25,0.25,0.25,True,-5.421010862427522e-19,0.4122792342883345,-1.3148881659744826e-18
0train,LE,5,F,0.25,0.25,0.25,0.25,True,-1.4094628242311558e-18,0.2408812445170921,-5.8512767445086206e-18
0train,LE,6,A,0.25,0.25,0.25,0.25,True,4.336808689942018e-19,0.7592944830470354,5.711629396460884e-19
0train,LE,6,B,0.25,0.25,0.25,0.25,True,7.806255641895632e-18,0.8743205185948912,8.928368345330566e-18
0train,LE,6,F,0.25,0.25,0.25,0.25,True,1.0408340855860843e-17,0.6630547363391252,1.56975590180196e-17
0train,LE,7,A,0.25,0.25,0.25,0.25,True,2.0816681711721685e-17,2.2828358165189533,9.118781806860115e-18
0train,LE,7,B,0.25,0.25,0.25,0.25,True,2.3418766925686896e-17,1.3768709637318155,1.7008686756102124e-17
0train,LE,7,F,0.25,0.25,0.25,0.25,True,1.734723475976807e-17,1.6937198106179348,1.0242092376211345e-17
0train,LE,8,A,0.25,0.25,0.25,0.25,True,2.7755575615628914e-17,3.227236976932362,8.600414476538339e-18
0train,LE,8,B,0.25,0.25,0.25,0.25,True,2.7755575615628914e-17,2.4605849740796533,1.1280071978010225e-17
0train,LE,8,F,0.25,0.25,0.25,0.25,True,-3.8163916471489756e-17,2.6895653905146126,-1.418962208767402e-17
0train,LE,9,A,0.25,0.25,0.25,0.25,True,0.0,3.4121616804230164,0.0
0train,LE,9,B,0.25,0.25,0.25,0.25,True,2.6020852139652106e-18,3.252100083158605,8.001245802490596e-19
0train,LE,9,F,0.25,0.25,0.25,0.25,True,6.938893903907228e-18,3.137500572861954,2.211599246841805e-18
1test,AIRM,1,A,0.25,0.25,0.25,0.25,True,1.1721542107330507e-05,4.9319258897338525,2.3766663103615798e-06
1test,AIRM,1,B,0.25,0.25,0.25,0.25,True,1.5904893553839172e-05,6.781831111629116,2.345221119789657e-06
1test,AIRM,1,F,0.25,0.25,0.25,0.25,True,1.0720912208050937e-05,5.4814009339863485,1.9558708325052503e-06
1test,AIRM,2,A,0.25,0.25,0.25,0.25,True,1.4364825139450907e-06,1.1025380572594026,1.3028870110078372e-06
1test,AIRM,2,B,0.25,0.25,0.25,0.25,True,1.0175172768724528e-06,0.7791129532845207,1.30599455776327e-06
1test,AIRM,2,F,0.25,0.25,0.25,0.25,True,5.895133631303841e-07,0.7705694772671852,7.650359643378112e-07
1test,AIRM,3,A,0.25,0.25,0.25,0.25,True,1.3115278881009607e-05,4.589432091499513,2.8577128105461146e-06
1test,AIRM,3,B,0.25,0.25,0.25,0.25,True,1.3696424591629758e-05,3.6789849348041983,3.7228814018937275e-06
1test,AIRM,3,F,0.25,0.25,0.25,0.25,True,8.588105403269791e-06,3.943103358390304,2.178006667006497e-06
1test,AIRM,4,A,0.25,0.25,0.25,0.25,True,1.675254848038099e-06,2.0080345088355966,8.342759253721853e-07
1test,AIRM,4,B,0.25,0.25,0.25,0.25,True,2.9525611928218898e-06,2.097562315514553,1.4076154834511302e-06
1test,AIRM,4,F,0.25,0.25,0.25,0.25,True,1.10138599651588e-06,1.905134587820811,5.781145350868366e-07
1test,AIRM,5,A,0.25,0.25,0.25,0.25,True,1.6843110673516251e-06,0.48390196174405015,3.4806865863513618e-06
1test,AIRM,5,B,0.25,0.25,0.25,0.25,True,1.5767095728883886e-06,0.5696087940730222,2.768056935381968e-06
1test,AIRM,5,F,0.25,0.25,0.25,0.25,True,6.834637710129328e-07,0.38129713418993005,1.7924702541102467e-06
1test,AIRM,6,A,0.25,0.25,0.25,0.25,True,3.806886856344083e-06,1.226567652760017,3.1036908953027124e-06
1test,AIRM,6,B,0.25,0.25,0.25,0.25,True,4.511044534595749e-06,1.1855730344409583,3.804948664949076e-06
1test,AIRM,6,F,0.25,0.25,0.25,0.25,True,1.798840501080097e-06,0.9830359086128109,1.8298828001293365e-06
1test,AIRM,7,A,0.25,0.25,0.25,0.25,True,3.1229551182721665e-06,2.6938085485029584,1.1593084890935176e-06
1test,AIRM,7,B,0.25,0.25,0.25,0.25,True,2.756140363666462e-06,2.143490364930245,1.2858188722281262e-06
1test,AIRM,7,F,0.25,0.25,0.25,0.25,True,1.602759130079831e-06,2.252957712824458,7.114022251533986e-07
1test,AIRM,8,A,0.25,0.25,0.25,0.25,True,1.6824314890834247e-05,2.9397588984133916,5.7230254154224844e-06
1test,AIRM,8,B,0.25,0.25,0.25,0.25,True,1.0323865815457106e-05,3.083950491729325,3.3476107489870885e-06
1test,AIRM,8,F,0.25,0.25,0.25,0.25,True,9.340960531113024e-06,2.8792048994416684,3.244284744348834e-06
1test,AIRM,9,A,0.25,0.25,0.25,0.25,True,4.198619207063971e-05,11.384346906238761,3.6880633045037273e-06
1test,AIRM,9,B,0.25,0.25,0.25,0.25,True,3.0356139818683153e-05,9.086763993876737,3.3406986072422626e-06
1test,AIRM,9,F,0.25,0.25,0.25,0.25,True,2.5923963327855598e-05,9.903964205199168,2.6175340288736706e-06
1test,LE,1,A,0.25,0.25,0.25,0.25,True,2.0816681711721685e-17,4.028338476735771,5.167560231579593e-18
1test,LE,1,B,0.25,0.25,0.25,0.25,True,4.163336342344337e-17,5.461132420497217,7.623576983261065e-18
1test,LE,1,F,0.25,0.25,0.25,0.25,True,6.245004513516506e-17,4.478467536899872,1.3944512184271592e-17
1test,LE,2,A,0.25,0.25,0.25,0.25,True,-1.2576745200831851e-17,0.9430756237959272,-1.3335881962689073e-17
1test,LE,2,B,0.25,0.25,0.25,0.25,True,-4.87890977618477e-18,0.6226388272619965,-7.835858546823008e-18
1test,LE,2,F,0.25,0.25,0.25,0.25,True,-1.1655173354219173e-17,0.6426680266280815,-1.813560480886369e-17
1test,LE,3,A,0.25,0.25,0.25,0.25,True,1.0408340855860843e-17,3.7300928436509255,2.7903704524612874e-18
1test,LE,3,B,0.25,0.25,0.25,0.25,True,1.3877787807814457e-17,2.8759969734400705,4.8253833143693464e-18
1test,LE,3,F,0.25,0.25,0.25,0.25,True,-7.28583859910259e-17,3.1552979298609483,-2.3090810316677994e-17
1test,LE,4,A,0.25,0.25,0.25,0.25,True,-1.0408340855860843e-17,1.7820764437171177,-5.840569237395203e-18
1test,LE,4,B,0.25,0.25,0.25,0.25,True,2.0816681711721685e-17,1.7383920828731139,1.1974675860992807e-17
1test,LE,4,F,0.25,0.25,0.25,0.25,True,2.42861286636753e-17,1.654861218095364,1.4675628625599812e-17
1test,LE,5,A,0.25,0.25,0.25,0.25,True,4.336808689942018e-19,0.36864814053276496,1.1764086707922966e-18
1test,LE,5,B,0.25,0.25,0.25,0.25,True,1.474514954580286e-17,0.41953925121051294,3.514605487629133e-17
1test,LE,5,F,0.25,0.25,0.25,0.25,True,-2.168404344971009e-18,0.2770570549978695,-7.826562456558572e-18
1test,LE,6,A,0.25,0.25,0.25,0.25,True,1.5612511283791264e-17,0.9769190975339257,1.5981375861320068e-17
1test,LE,6,B,0.25,0.25,0.25,0.25,True,-9.432558900623889e-18,0.8881070335250041,-1.0620970834095214e-17
1test,LE,6,F,0.25,0.25,0.25,0.25,True,-1.3010426069826053e-18,0.7578619761232185,-1.7167276469496245e-18
1test,LE,7,A,0.25,0.25,0.25,0.25,True,2.6020852139652106e-17,2.1188008993083485,1.2280933120306978e-17
1test,LE,7,B,0.25,0.25,0.25,0.25,True,1.9949319973733282e-17,1.701821628924588,1.1722333078079176e-17
1test,LE,7,F,0.25,0.25,0.25,0.25,True,-4.2500725161431774e-17,1.7907720979783623,-2.3733184814199236e-17
1test,LE,8,A,0.25,0.25,0.25,0.25,True,6.938893903907228e-18,2.276542379867222,3.047996806592256e-18
1test,LE,8,B,0.25,0.25,0.25,0.25,True,-2.6020852139652106e-17,2.394029502733948,-1.0869060765515488e-17
1test,LE,8,F,0.25,0.25,0.25,0.25,True,8.673617379884035e-18,2.2476777618476653,3.858923875615531e-18
1test,LE,9,A,0.25,0.25,0.25,0.25,True,-2.2551405187698492e-17,9.781126006871673,-2.3056041985202043e-18
1test,LE,9,B,0.25,0.25,0.25,0.25,True,1.8474805019152996e-16,7.834161534659182,2.3582364159097884e-17
1test,LE,9,F,0.25,0.25,0.25,0.25,True,-1.3010426069826053e-18,8.576544840482637,-1.5169775605223682e-19
