dataset,direction,subject,identity_balanced_accuracy,population_balanced_accuracy,oracle_balanced_accuracy,oracle_gain_over_identity,selected_method,oracle_recall_right_hand,identity_recall_right_hand,oracle_recall_left_hand,identity_recall_left_hand,oracle_recall_both_hand,identity_recall_both_hand,oracle_recall_rest,identity_recall_rest
stieger,chronological,1,0.38637980085348506,0.38584637268847793,0.38637980085348506,0,IDENTITY_RESIDUAL_CARRY,0.13157894736842105,0.13157894736842105,0.10810810810810811,0.10810810810810811,0.6216216216216216,0.6216216216216216,0.68421052631578949,0.68421052631578949
stieger,chronological,2,0.50266714082503561,0.42745376955903269,0.50266714082503561,0,IDENTITY_RESIDUAL_CARRY,0.54054054054054057,0.54054054054054057,0.23684210526315788,0.23684210526315788,0.36842105263157893,0.36842105263157893,0.86486486486486491,0.86486486486486491
stieger,chronological,3,0.28475185712027817,0.27743203730045835,0.28475185712027817,0,IDENTITY_RESIDUAL_CARRY,0.22222222222222221,0.22222222222222221,0.078947368421052627,0.078947368421052627,0.54054054054054057,0.54054054054054057,0.29729729729729731,0.29729729729729731
stieger,chronological,4,0.3125,0.35270467836257308,0.35270467836257308,0.040204678362573076,POPULATION_ONLY,0.34210526315789475,0.28947368421052633,0.26315789473684209,0.26315789473684209,0.5,0.44736842105263158,0.30555555555555558,0.25
stieger,chronological,5,0.33090327169274536,0.38017622886043945,0.38017622886043945,0.049272957167694087,POPULATION_ONLY,0.28947368421052633,0.52631578947368418,0.29729729729729731,0.27027027027027029,0.3783783783783784,0.027027027027027029,0.55555555555555558,0.5
stieger,chronological,6,0.28182788051209107,0.26120199146514933,0.28182788051209107,0,IDENTITY_RESIDUAL_CARRY,0.052631578947368418,0.052631578947368418,0.72972972972972971,0.72972972972972971,0.10810810810810811,0.10810810810810811,0.23684210526315788,0.23684210526315788
stieger,chronological,7,0.23209064327485379,0.29495614035087719,0.29495614035087719,0.062865497076023402,POPULATION_ONLY,0.21052631578947367,0.15789473684210525,0.21052631578947367,0.21052631578947367,0.34210526315789475,0.42105263157894735,0.41666666666666669,0.1388888888888889
stieger,chronological,8,0.460348506401138,0.37908961593172119,0.460348506401138,0,IDENTITY_RESIDUAL_CARRY,0.39473684210526316,0.39473684210526316,0.59459459459459463,0.59459459459459463,0.47368421052631576,0.47368421052631576,0.3783783783783784,0.3783783783783784
stieger,chronological,9,0.3410384068278805,0.23257467994310099,0.3410384068278805,0,IDENTITY_RESIDUAL_CARRY,0.39473684210526316,0.39473684210526316,0.27027027027027029,0.27027027027027029,0.56756756756756754,0.56756756756756754,0.13157894736842105,0.13157894736842105
stieger,chronological,10,0.24537695590327169,0.26031294452347087,0.26031294452347087,0.014935988620199181,POPULATION_ONLY,0.10810810810810811,0.16216216216216217,0.13157894736842105,0.26315789473684209,0.34210526315789475,0.42105263157894735,0.45945945945945948,0.13513513513513514
stieger,chronological,11,0.35277382645803701,0.33250355618776672,0.35277382645803701,0,IDENTITY_RESIDUAL_CARRY,0.18421052631578946,0.18421052631578946,0.43243243243243246,0.43243243243243246,0.60526315789473684,0.60526315789473684,0.1891891891891892,0.1891891891891892
stieger,chronological,12,0.31614509246088196,0.30298719772403981,0.31614509246088196,0,IDENTITY_RESIDUAL_CARRY,0.081081081081081086,0.081081081081081086,0.21052631578947367,0.21052631578947367,0.3783783783783784,0.3783783783783784,0.59459459459459463,0.59459459459459463
stieger,chronological,13,0.24042792792792794,0.22580804488699224,0.24042792792792794,0,IDENTITY_RESIDUAL_CARRY,0.027027027027027029,0.027027027027027029,0.5,0.5,0.083333333333333329,0.083333333333333329,0.35135135135135137,0.35135135135135137
stieger,chronological,14,0.46888335704125172,0.42656472261735423,0.46888335704125172,0,IDENTITY_RESIDUAL_CARRY,0.56756756756756754,0.56756756756756754,0.18421052631578946,0.18421052631578946,0.42105263157894735,0.42105263157894735,0.70270270270270274,0.70270270270270274
stieger,chronological,15,0.40572151098466885,0.30440967283072545,0.40572151098466885,0,IDENTITY_RESIDUAL_CARRY,0.40540540540540543,0.40540540540540543,0.48648648648648651,0.48648648648648651,0.3888888888888889,0.3888888888888889,0.34210526315789475,0.34210526315789475
stieger,chronological,16,0.29729729729729731,0.34459459459459463,0.34459459459459463,0.047297297297297314,POPULATION_ONLY,0.21621621621621623,0.21621621621621623,0.081081081081081086,0.24324324324324326,0.56756756756756754,0.1891891891891892,0.51351351351351349,0.54054054054054057
stieger,chronological,17,0.39092381855539748,0.38233957641852379,0.39092381855539748,0,IDENTITY_RESIDUAL_CARRY,0.27027027027027029,0.27027027027027029,0.27777777777777779,0.27777777777777779,0.42105263157894735,0.42105263157894735,0.59459459459459463,0.59459459459459463
stieger,chronological,18,0.23948948948948948,0.26707957957957956,0.26707957957957956,0.027590090090090086,POPULATION_ONLY,0.081081081081081086,0.13513513513513514,0.083333333333333329,0.083333333333333329,0.44444444444444442,0.3611111111111111,0.45945945945945948,0.3783783783783784
stieger,chronological,19,0.3662873399715505,0.34086059743954478,0.3662873399715505,0,IDENTITY_RESIDUAL_CARRY,0.52631578947368418,0.52631578947368418,0.26315789473684209,0.26315789473684209,0.40540540540540543,0.40540540540540543,0.27027027027027029,0.27027027027027029
stieger,chronological,20,0.3439327485380117,0.37828947368421051,0.37828947368421051,0.034356725146198808,POPULATION_ONLY,0.18421052631578946,0.28947368421052633,0.25,0.63888888888888884,0.47368421052631576,0.21052631578947367,0.60526315789473684,0.23684210526315788
stieger,chronological,21,0.28286364095187622,0.21701712216418098,0.28286364095187622,0,IDENTITY_RESIDUAL_CARRY,0.23529411764705882,0.23529411764705882,0.47222222222222221,0.47222222222222221,0.34285714285714286,0.34285714285714286,0.081081081081081086,0.081081081081081086
stieger,chronological,22,0.28680654338549072,0.16073968705547653,0.28680654338549072,0,IDENTITY_RESIDUAL_CARRY,0.13157894736842105,0.13157894736842105,0.32432432432432434,0.32432432432432434,0.27027027027027029,0.27027027027027029,0.42105263157894735,0.42105263157894735
stieger,chronological,23,0.40896159317211944,0.41411806543385493,0.41411806543385493,0.0051564722617354897,POPULATION_ONLY,0.1891891891891892,0.54054054054054057,0.21052631578947367,0.21052631578947367,0.5,0.26315789473684209,0.7567567567567568,0.6216216216216216
stieger,chronological,24,0.4263869132290185,0.30672119487908961,0.4263869132290185,0,IDENTITY_RESIDUAL_CARRY,0.23684210526315788,0.23684210526315788,0.40540540540540543,0.40540540540540543,0.40540540540540543,0.40540540540540543,0.65789473684210531,0.65789473684210531
stieger,chronological,25,0.26706349206349206,0.28680033416875522,0.28680033416875522,0.019736842105263164,POPULATION_ONLY,0.10526315789473684,0.10526315789473684,0.1111111111111111,0.1111111111111111,0.45714285714285713,0.45714285714285713,0.47368421052631576,0.39473684210526316
stieger,chronological,26,0.51315789473684215,0.42638691322901845,0.51315789473684215,0,IDENTITY_RESIDUAL_CARRY,0.40540540540540543,0.40540540540540543,0.44736842105263158,0.44736842105263158,0.60526315789473684,0.60526315789473684,0.59459459459459463,0.59459459459459463
stieger,chronological,27,0.26221804511278196,0.21729323308270676,0.26221804511278196,0,IDENTITY_RESIDUAL_CARRY,0.28947368421052633,0.28947368421052633,0.28947368421052633,0.28947368421052633,0.18421052631578946,0.18421052631578946,0.2857142857142857,0.2857142857142857
stieger,chronological,28,0.48826458036984355,0.39349217638691325,0.48826458036984355,0,IDENTITY_RESIDUAL_CARRY,0.44736842105263158,0.44736842105263158,0.6216216216216216,0.6216216216216216,0.28947368421052633,0.28947368421052633,0.59459459459459463,0.59459459459459463
stieger,chronological,29,0.30555555555555558,0.3914473684210526,0.3914473684210526,0.085891812865497019,POPULATION_ONLY,0.23684210526315788,0.28947368421052633,0.21052631578947367,0.18421052631578946,0.36842105263157893,0.52631578947368418,0.75,0.22222222222222221
stieger,chronological,30,0.57503556187766713,0.52222617354196299,0.57503556187766713,0,IDENTITY_RESIDUAL_CARRY,0.39473684210526316,0.39473684210526316,0.5,0.5,0.70270270270270274,0.70270270270270274,0.70270270270270274,0.70270270270270274
stieger,chronological,31,0.27192982456140352,0.26754385964912281,0.27192982456140352,0,IDENTITY_RESIDUAL_CARRY,0.28947368421052633,0.28947368421052633,0.44736842105263158,0.44736842105263158,0.18421052631578946,0.18421052631578946,0.16666666666666666,0.16666666666666666
stieger,chronological,32,0.25446499130709654,0.27812351825509718,0.27812351825509718,0.023658526948000635,POPULATION_ONLY,0.10810810810810811,0.081081081081081086,0,0.48648648648648651,0.58333333333333337,0.055555555555555552,0.42105263157894735,0.39473684210526316
stieger,chronological,33,0.18776671408250356,0.36077524893314367,0.36077524893314367,0.17300853485064011,POPULATION_ONLY,0.078947368421052627,0.052631578947368418,0.24324324324324326,0.21621621621621623,0.52631578947368418,0.15789473684210525,0.59459459459459463,0.32432432432432434
stieger,chronological,34,0.28884147305199936,0.30288841473051997,0.30288841473051997,0.014046941678520608,POPULATION_ONLY,0.13513513513513514,0.10810810810810811,0.22222222222222221,0.22222222222222221,0.39473684210526316,0.47368421052631576,0.45945945945945948,0.35135135135135137
stieger,chronological,35,0.40376560771297609,0.48946973289078555,0.48946973289078555,0.085704125177809454,POPULATION_ONLY,0.3888888888888889,0.3888888888888889,0.34210526315789475,0.26315789473684209,0.60526315789473684,0.36842105263157893,0.6216216216216216,0.59459459459459463
stieger,chronological,36,0.45199146514935984,0.37997866287339976,0.45199146514935984,0,IDENTITY_RESIDUAL_CARRY,0.43243243243243246,0.43243243243243246,0.63157894736842102,0.63157894736842102,0.47368421052631576,0.47368421052631576,0.27027027027027029,0.27027027027027029
stieger,chronological,37,0.48898569622253829,0.45627864706812071,0.48898569622253829,0,IDENTITY_RESIDUAL_CARRY,0.27027027027027029,0.27027027027027029,0.39473684210526316,0.39473684210526316,0.52777777777777779,0.52777777777777779,0.76315789473684215,0.76315789473684215
stieger,chronological,38,0.38833570412517782,0.36415362731152201,0.38833570412517782,0,IDENTITY_RESIDUAL_CARRY,0.27027027027027029,0.27027027027027029,0.52631578947368418,0.52631578947368418,0.21621621621621623,0.21621621621621623,0.54054054054054057,0.54054054054054057
stieger,chronological,39,0.54551920341394022,0.55280938833570414,0.55280938833570414,0.0072901849217639203,POPULATION_ONLY,0.63157894736842102,0.71052631578947367,0.51351351351351349,0.51351351351351349,0.55263157894736847,0.55263157894736847,0.51351351351351349,0.40540540540540543
stieger,chronological,40,0.23518593781751679,0.27457325746799432,0.27457325746799432,0.039387319650477537,POPULATION_ONLY,0.13513513513513514,0.40540540540540543,0.20000000000000001,0.11428571428571428,0.44736842105263158,0.052631578947368418,0.31578947368421051,0.36842105263157893
stieger,chronological,41,0.36878654970760238,0.29568713450292394,0.36878654970760238,0,IDENTITY_RESIDUAL_CARRY,0.18421052631578946,0.18421052631578946,0.21052631578947367,0.21052631578947367,0.52777777777777779,0.52777777777777779,0.55263157894736847,0.55263157894736847
stieger,chronological,42,0.24701675359570097,0.33658329382013596,0.33658329382013596,0.089566540224434998,POPULATION_ONLY,0.10526315789473684,0.10526315789473684,0.21621621621621623,0.32432432432432434,0.55263157894736847,0.44736842105263158,0.47222222222222221,0.1111111111111111
stieger,chronological,43,0.24004267425320058,0.25088904694167852,0.25088904694167852,0.010846372688477934,POPULATION_ONLY,0.054054054054054057,0.3783783783783784,0.081081081081081086,0.10810810810810811,0.42105263157894735,0.42105263157894735,0.44736842105263158,0.052631578947368418
stieger,chronological,44,0.26142919235024498,0.3146732258574364,0.3146732258574364,0.053244033507191424,POPULATION_ONLY,0.10810810810810811,0.45945945945945948,0.13157894736842105,0.23684210526315788,0.3611111111111111,0.1388888888888889,0.65789473684210531,0.21052631578947367
stieger,chronological,45,0.36753200568990041,0.40202702702702703,0.40202702702702703,0.034495021337126619,POPULATION_ONLY,0.21052631578947367,0.34210526315789475,0.28947368421052633,0.26315789473684209,0.45945945945945948,0.32432432432432434,0.64864864864864868,0.54054054054054057
stieger,chronological,46,0.42598684210526316,0.43964729532163743,0.43964729532163743,0.013660453216374269,POPULATION_ONLY,0.10526315789473684,0.15789473684210525,0.19444444444444445,0.25,0.55263157894736847,0.42105263157894735,0.90625,0.875
stieger,chronological,47,0.27777777777777779,0.23793859649122806,0.27777777777777779,0,IDENTITY_RESIDUAL_CARRY,0.15789473684210525,0.15789473684210525,0.1111111111111111,0.1111111111111111,0.42105263157894735,0.42105263157894735,0.42105263157894735,0.42105263157894735
stieger,chronological,48,0.35704125177809393,0.24288762446657183,0.35704125177809393,0,IDENTITY_RESIDUAL_CARRY,0.48648648648648651,0.48648648648648651,0.15789473684210525,0.15789473684210525,0.59459459459459463,0.59459459459459463,0.1891891891891892,0.1891891891891892
stieger,chronological,49,0.35928362573099415,0.31652046783625731,0.35928362573099415,0,IDENTITY_RESIDUAL_CARRY,0.30555555555555558,0.30555555555555558,0.44736842105263158,0.44736842105263158,0.18421052631578946,0.18421052631578946,0.5,0.5
stieger,chronological,50,0.46728307254623047,0.41305120910384074,0.46728307254623047,0,IDENTITY_RESIDUAL_CARRY,0.48648648648648651,0.48648648648648651,0.28947368421052633,0.28947368421052633,0.55263157894736847,0.55263157894736847,0.54054054054054057,0.54054054054054057
stieger,chronological,51,0.21995021337126602,0.22492887624466573,0.22492887624466573,0.0049786628733997085,POPULATION_ONLY,0.027027027027027029,0.24324324324324326,0.16216216216216217,0.1891891891891892,0.34210526315789475,0.36842105263157893,0.36842105263157893,0.078947368421052627
stieger,chronological,52,0.42567567567567566,0.54086652441915606,0.54086652441915606,0.1151908487434804,POPULATION_ONLY,0.39473684210526316,0.68421052631578949,0.3783783783783784,0.70270270270270274,0.91666666666666663,0,0.47368421052631576,0.31578947368421051
stieger,chronological,53,0.42470760233918126,0.41885964912280699,0.42470760233918126,0,IDENTITY_RESIDUAL_CARRY,0.27777777777777779,0.27777777777777779,0.31578947368421051,0.31578947368421051,0.47368421052631576,0.47368421052631576,0.63157894736842102,0.63157894736842102
stieger,chronological,54,0.22155049786628736,0.28840682788051208,0.28840682788051208,0.066856330014224724,POPULATION_ONLY,0.10526315789473684,0.18421052631578946,0.10810810810810811,0.59459459459459463,0.72972972972972971,0.081081081081081086,0.21052631578947367,0.026315789473684209
stieger,chronological,55,0.41143116801011537,0.4002785680417259,0.41143116801011537,0,IDENTITY_RESIDUAL_CARRY,0.44736842105263158,0.44736842105263158,0.10526315789473684,0.10526315789473684,0.44444444444444442,0.44444444444444442,0.64864864864864868,0.64864864864864868
stieger,chronological,56,0.37758811443021978,0.18033823296981191,0.37758811443021978,0,IDENTITY_RESIDUAL_CARRY,0.24324324324324326,0.24324324324324326,0.27777777777777779,0.27777777777777779,0.59459459459459463,0.59459459459459463,0.39473684210526316,0.39473684210526316
stieger,chronological,57,0.33357041251778097,0.29427453769559031,0.33357041251778097,0,IDENTITY_RESIDUAL_CARRY,0.39473684210526316,0.39473684210526316,0.23684210526315788,0.23684210526315788,0.40540540540540543,0.40540540540540543,0.29729729729729731,0.29729729729729731
stieger,chronological,58,0.29445234708392604,0.29480796586059743,0.29480796586059743,0.00035561877667139585,POPULATION_ONLY,0.16216216216216217,0,0.052631578947368418,0.28947368421052633,0.64864864864864868,0.7567567567567568,0.31578947368421051,0.13157894736842105
stieger,chronological,59,0.24229831335094493,0.29582909977646821,0.29582909977646821,0.05353078642552328,POPULATION_ONLY,0.13157894736842105,0.36842105263157893,0.21621621621621623,0.3783783783783784,0.3783783783783784,0.10810810810810811,0.45714285714285713,0.11428571428571428
stieger,chronological,60,0.62037695590327169,0.47439544807965861,0.62037695590327169,0,IDENTITY_RESIDUAL_CARRY,0.57894736842105265,0.57894736842105265,0.6216216216216216,0.6216216216216216,0.60526315789473684,0.60526315789473684,0.67567567567567566,0.67567567567567566
stieger,chronological,61,0.3726884779516359,0.32005689900426743,0.3726884779516359,0,IDENTITY_RESIDUAL_CARRY,0.31578947368421051,0.31578947368421051,0.24324324324324326,0.24324324324324326,0.52631578947368418,0.52631578947368418,0.40540540540540543,0.40540540540540543
stieger,chronological,62,0.33428165007112376,0.29249644381223328,0.33428165007112376,0,IDENTITY_RESIDUAL_CARRY,0.45945945945945948,0.45945945945945948,0.28947368421052633,0.28947368421052633,0.35135135135135137,0.35135135135135137,0.23684210526315788,0.23684210526315788
stieger,reverse,1,0.35508534850640117,0.37375533428165009,0.37375533428165009,0.018669985775248921,POPULATION_ONLY,0.26315789473684209,0.18421052631578946,0.42105263157894735,0.26315789473684209,0.21621621621621623,0.48648648648648651,0.59459459459459463,0.48648648648648651
stieger,reverse,2,0.36539829302987198,0.35224039829302989,0.36539829302987198,0,IDENTITY_RESIDUAL_CARRY,0.1891891891891892,0.1891891891891892,0.5,0.5,0.35135135135135137,0.35135135135135137,0.42105263157894735,0.42105263157894735
stieger,reverse,3,0.27704678362573099,0.32785087719298245,0.32785087719298245,0.050804093567251463,POPULATION_ONLY,0.15789473684210525,0.10526315789473684,0.55263157894736847,0.15789473684210525,0.18421052631578946,0.28947368421052633,0.41666666666666669,0.55555555555555558
stieger,reverse,4,0.31881223328591751,0.45963726884779521,0.45963726884779521,0.1408250355618777,POPULATION_ONLY,0.42105263157894735,0.55263157894736847,0.55263157894736847,0.26315789473684209,0.35135135135135137,0.13513513513513514,0.51351351351351349,0.32432432432432434
stieger,reverse,5,0.31490042674253205,0.30689900426742533,0.31490042674253205,0,IDENTITY_RESIDUAL_CARRY,0.3783783783783784,0.3783783783783784,0.26315789473684209,0.26315789473684209,0.13157894736842105,0.13157894736842105,0.48648648648648651,0.48648648648648651
stieger,reverse,6,0.27631578947368418,0.23286463708290334,0.27631578947368418,0,IDENTITY_RESIDUAL_CARRY,0.18421052631578946,0.18421052631578946,0,0,0.5,0.5,0.42105263157894735,0.42105263157894735
stieger,reverse,7,0.26133040935672514,0.26535087719298245,0.26535087719298245,0.0040204678362573132,POPULATION_ONLY,0.21052631578947367,0.15789473684210525,0.31578947368421051,0.36842105263157893,0.16666666666666666,0.3611111111111111,0.36842105263157893,0.15789473684210525
stieger,reverse,8,0.36717638691322901,0.32681365576102417,0.36717638691322901,0,IDENTITY_RESIDUAL_CARRY,0.23684210526315788,0.23684210526315788,0.42105263157894735,0.42105263157894735,0.45945945945945948,0.45945945945945948,0.35135135135135137,0.35135135135135137
stieger,reverse,9,0.28076102418207682,0.30654338549075394,0.30654338549075394,0.025782361308677115,POPULATION_ONLY,0.1891891891891892,0.3783783783783784,0.21052631578947367,0.26315789473684209,0.42105263157894735,0.18421052631578946,0.40540540540540543,0.29729729729729731
stieger,reverse,10,0.24671052631578946,0.22551169590643275,0.24671052631578946,0,IDENTITY_RESIDUAL_CARRY,0.39473684210526316,0.39473684210526316,0.10526315789473684,0.10526315789473684,0.25,0.25,0.23684210526315788,0.23684210526315788
stieger,reverse,11,0.32379089615931722,0.32823613086770981,0.32823613086770981,0.0044452347083925869,POPULATION_ONLY,0.1891891891891892,0.21621621621621623,0.27027027027027029,0.40540540540540543,0.43243243243243246,0.59459459459459463,0.42105263157894735,0.078947368421052627
stieger,reverse,12,0.32361308677098155,0.35650782361308675,0.35650782361308675,0.032894736842105199,POPULATION_ONLY,0.27027027027027029,0.48648648648648651,0.43243243243243246,0.24324324324324326,0.23684210526315788,0.10526315789473684,0.48648648648648651,0.45945945945945948
stieger,reverse,13,0.27424812030075191,0.30620300751879698,0.30620300751879698,0.031954887218045069,POPULATION_ONLY,0.052631578947368418,0.47368421052631576,0.52631578947368418,0.34210526315789475,0.13157894736842105,0.052631578947368418,0.51428571428571423,0.22857142857142856
stieger,reverse,14,0.41228070175438591,0.38377192982456143,0.41228070175438591,0,IDENTITY_RESIDUAL_CARRY,0.42105263157894735,0.42105263157894735,0.13157894736842105,0.13157894736842105,0.33333333333333331,0.33333333333333331,0.76315789473684215,0.76315789473684215
stieger,reverse,15,0.36593172119487904,0.34655049786628733,0.36593172119487904,0,IDENTITY_RESIDUAL_CARRY,0.35135135135135137,0.35135135135135137,0.57894736842105265,0.57894736842105265,0.26315789473684209,0.26315789473684209,0.27027027027027029,0.27027027027027029
stieger,reverse,16,0.31312233285917501,0.2983641536273115,0.31312233285917501,0,IDENTITY_RESIDUAL_CARRY,0.40540540540540543,0.40540540540540543,0.42105263157894735,0.42105263157894735,0.1891891891891892,0.1891891891891892,0.23684210526315788,0.23684210526315788
stieger,reverse,17,0.3655761024182077,0.42371977240398295,0.42371977240398295,0.058143669985775248,POPULATION_ONLY,0.16216216216216217,0.10810810810810811,0.47368421052631576,0.15789473684210525,0.24324324324324326,0.45945945945945948,0.81578947368421051,0.73684210526315785
stieger,reverse,18,0.23179429429429432,0.30123873873873874,0.30123873873873874,0.06944444444444442,POPULATION_ONLY,0.083333333333333329,0.083333333333333329,0.027027027027027029,0.32432432432432434,0.5,0.22222222222222221,0.59459459459459463,0.29729729729729731
stieger,reverse,19,0.3600146198830409,0.41191520467836262,0.41191520467836262,0.051900584795321725,POPULATION_ONLY,0.42105263157894735,0.34210526315789475,0.52631578947368418,0.26315789473684209,0.30555555555555558,0.3611111111111111,0.39473684210526316,0.47368421052631576
stieger,reverse,20,0.28556187766714081,0.27880512091038406,0.28556187766714081,0,IDENTITY_RESIDUAL_CARRY,0.27027027027027029,0.27027027027027029,0.47368421052631576,0.47368421052631576,0.13513513513513514,0.13513513513513514,0.26315789473684209,0.26315789473684209
stieger,reverse,21,0.32110617670962494,0.25073186711117745,0.32110617670962494,0,IDENTITY_RESIDUAL_CARRY,0.037037037037037035,0.037037037037037035,0.75,0.75,0.39393939393939392,0.39393939393939392,0.10344827586206896,0.10344827586206896
stieger,reverse,22,0.30771890311363992,0.19424687845740476,0.30771890311363992,0,IDENTITY_RESIDUAL_CARRY,0.16216216216216217,0.16216216216216217,0.13157894736842105,0.13157894736842105,0.30555555555555558,0.30555555555555558,0.63157894736842102,0.63157894736842102
stieger,reverse,23,0.42656472261735423,0.38104551920341395,0.42656472261735423,0,IDENTITY_RESIDUAL_CARRY,0.60526315789473684,0.60526315789473684,0.32432432432432434,0.32432432432432434,0.26315789473684209,0.26315789473684209,0.51351351351351349,0.51351351351351349
stieger,reverse,24,0.44007823613086772,0.37393314366998576,0.44007823613086772,0,IDENTITY_RESIDUAL_CARRY,0.44736842105263158,0.44736842105263158,0.27027027027027029,0.27027027027027029,0.42105263157894735,0.42105263157894735,0.6216216216216216,0.6216216216216216
stieger,reverse,25,0.29934210526315785,0.34722222222222221,0.34722222222222221,0.047880116959064356,POPULATION_ONLY,0.28947368421052633,0.26315789473684209,0.3888888888888889,0.25,0.10526315789473684,0.34210526315789475,0.60526315789473684,0.34210526315789475
stieger,reverse,26,0.54587482219061167,0.50035561877667134,0.54587482219061167,0,IDENTITY_RESIDUAL_CARRY,0.57894736842105265,0.57894736842105265,0.43243243243243246,0.43243243243243246,0.63157894736842102,0.63157894736842102,0.54054054054054057,0.54054054054054057
stieger,reverse,27,0.23275248933143672,0.29907539118065435,0.29907539118065435,0.06632290184921763,POPULATION_ONLY,0.054054054054054057,0.21621621621621623,0.13157894736842105,0.26315789473684209,0.40540540540540543,0.16216216216216217,0.60526315789473684,0.28947368421052633
stieger,reverse,28,0.46235380116959057,0.43640350877192979,0.46235380116959057,0,IDENTITY_RESIDUAL_CARRY,0.31578947368421051,0.31578947368421051,0.36842105263157893,0.36842105263157893,0.52631578947368418,0.52631578947368418,0.63888888888888884,0.63888888888888884
stieger,reverse,29,0.26608187134502925,0.28581871345029242,0.28581871345029242,0.019736842105263164,POPULATION_ONLY,0.22222222222222221,0.22222222222222221,0.28947368421052633,0.39473684210526316,0.26315789473684209,0.15789473684210525,0.36842105263157893,0.28947368421052633
stieger,reverse,30,0.59459459459459463,0.56027738264580373,0.59459459459459463,0,IDENTITY_RESIDUAL_CARRY,0.42105263157894735,0.42105263157894735,0.59459459459459463,0.59459459459459463,0.78378378378378377,0.78378378378378377,0.57894736842105265,0.57894736842105265
stieger,reverse,31,0.26511379800853485,0.26706970128022761,0.26706970128022761,0.0019559032716927605,POPULATION_ONLY,0.052631578947368418,0.36842105263157893,0.10810810810810811,0.16216216216216217,0.48648648648648651,0.13513513513513514,0.42105263157894735,0.39473684210526316
stieger,reverse,32,0.2892958748221906,0.31685633001422475,0.31685633001422475,0.02756045519203415,POPULATION_ONLY,0.10526315789473684,0.18421052631578946,0.24324324324324326,0.081081081081081086,0.40540540540540543,0.45945945945945948,0.51351351351351349,0.43243243243243246
stieger,reverse,33,0.24679943100995733,0.21354907539118065,0.24679943100995733,0,IDENTITY_RESIDUAL_CARRY,0.26315789473684209,0.26315789473684209,0.43243243243243246,0.43243243243243246,0.081081081081081086,0.081081081081081086,0.21052631578947367,0.21052631578947367
stieger,reverse,34,0.26371034900446666,0.31225427107780046,0.31225427107780046,0.048543922073333801,POPULATION_ONLY,0.25714285714285712,0.17142857142857143,0.35135135135135137,0.43243243243243246,0.1111111111111111,0.33333333333333331,0.52941176470588236,0.11764705882352941
stieger,reverse,35,0.44274537695590321,0.38833570412517782,0.44274537695590321,0,IDENTITY_RESIDUAL_CARRY,0.21621621621621623,0.21621621621621623,0.47368421052631576,0.47368421052631576,0.45945945945945948,0.45945945945945948,0.6216216216216216,0.6216216216216216
stieger,reverse,36,0.38780227596017069,0.36539829302987198,0.38780227596017069,0,IDENTITY_RESIDUAL_CARRY,0.43243243243243246,0.43243243243243246,0.51351351351351349,0.51351351351351349,0.15789473684210525,0.15789473684210525,0.44736842105263158,0.44736842105263158
stieger,reverse,37,0.40058479532163738,0.46637426900584794,0.46637426900584794,0.065789473684210564,POPULATION_ONLY,0.10526315789473684,0.21052631578947367,0.44444444444444442,0.44444444444444442,0.39473684210526316,0.31578947368421051,0.92105263157894735,0.63157894736842102
stieger,reverse,38,0.42478662873399714,0.33357041251778097,0.42478662873399714,0,IDENTITY_RESIDUAL_CARRY,0.3783783783783784,0.3783783783783784,0.63157894736842102,0.63157894736842102,0.1891891891891892,0.1891891891891892,0.5,0.5
stieger,reverse,39,0.45723684210526316,0.41666666666666663,0.45723684210526316,0,IDENTITY_RESIDUAL_CARRY,0.42105263157894735,0.42105263157894735,0.57894736842105265,0.57894736842105265,0.25,0.25,0.57894736842105265,0.57894736842105265
stieger,reverse,40,0.25488975817923187,0.20774063537221432,0.25488975817923187,0,IDENTITY_RESIDUAL_CARRY,0.10526315789473684,0.10526315789473684,0.25,0.25,0.42105263157894735,0.42105263157894735,0.24324324324324326,0.24324324324324326
stieger,reverse,41,0.27969416785206258,0.29445234708392604,0.29445234708392604,0.014758179231863455,POPULATION_ONLY,0.13157894736842105,0.21052631578947367,0.28947368421052633,0.39473684210526316,0.32432432432432434,0.16216216216216217,0.43243243243243246,0.35135135135135137
stieger,reverse,42,0.24159356725146197,0.25109649122807015,0.25109649122807015,0.0095029239766081797,POPULATION_ONLY,0.083333333333333329,0.3611111111111111,0.28947368421052633,0.34210526315789475,0.18421052631578946,0.13157894736842105,0.44736842105263158,0.13157894736842105
stieger,reverse,43,0.32981665876402716,0.21394420736525999,0.32981665876402716,0,IDENTITY_RESIDUAL_CARRY,0.44444444444444442,0.44444444444444442,0.21052631578947367,0.21052631578947367,0.42105263157894735,0.42105263157894735,0.24324324324324326,0.24324324324324326
stieger,reverse,44,0.3104551920341394,0.28668800379326692,0.3104551920341394,0,IDENTITY_RESIDUAL_CARRY,0.5,0.5,0.13157894736842105,0.13157894736842105,0.1891891891891892,0.1891891891891892,0.42105263157894735,0.42105263157894735
stieger,reverse,45,0.29943100995732574,0.26902560455192037,0.29943100995732574,0,IDENTITY_RESIDUAL_CARRY,0.26315789473684209,0.26315789473684209,0.1891891891891892,0.1891891891891892,0.42105263157894735,0.42105263157894735,0.32432432432432434,0.32432432432432434
stieger,reverse,46,0.36454678362573101,0.33696741854636592,0.36454678362573101,0,IDENTITY_RESIDUAL_CARRY,0.31578947368421051,0.31578947368421051,0.23684210526315788,0.23684210526315788,0.30555555555555558,0.30555555555555558,0.59999999999999998,0.59999999999999998
stieger,reverse,47,0.29463015647226176,0.24573257467994308,0.29463015647226176,0,IDENTITY_RESIDUAL_CARRY,0.43243243243243246,0.43243243243243246,0.35135135135135137,0.35135135135135137,0.23684210526315788,0.23684210526315788,0.15789473684210525,0.15789473684210525
stieger,reverse,48,0.29107396870554764,0.28733997155049784,0.29107396870554764,0,IDENTITY_RESIDUAL_CARRY,0.47368421052631576,0.47368421052631576,0.1891891891891892,0.1891891891891892,0.054054054054054057,0.054054054054054057,0.44736842105263158,0.44736842105263158
stieger,reverse,49,0.27311522048364156,0.36664295874822195,0.36664295874822195,0.093527738264580385,POPULATION_ONLY,0.15789473684210525,0.44736842105263158,0.57894736842105265,0.13157894736842105,0.13513513513513514,0.081081081081081086,0.59459459459459463,0.43243243243243246
stieger,reverse,50,0.46454678362573099,0.43457602339181289,0.46454678362573099,0,IDENTITY_RESIDUAL_CARRY,0.34210526315789475,0.34210526315789475,0.30555555555555558,0.30555555555555558,0.65789473684210531,0.65789473684210531,0.55263157894736847,0.55263157894736847
stieger,reverse,51,0.24415204678362573,0.19334795321637427,0.24415204678362573,0,IDENTITY_RESIDUAL_CARRY,0.39473684210526316,0.39473684210526316,0.055555555555555552,0.055555555555555552,0.36842105263157893,0.36842105263157893,0.15789473684210525,0.15789473684210525
stieger,reverse,52,0.35931326062905011,0.29739608029081716,0.35931326062905011,0,IDENTITY_RESIDUAL_CARRY,0.21052631578947367,0.21052631578947367,0.35135135135135137,0.35135135135135137,0.48648648648648651,0.48648648648648651,0.3888888888888889,0.3888888888888889
stieger,reverse,53,0.38655761024182078,0.45874822190611664,0.45874822190611664,0.072190611664295856,POPULATION_ONLY,0.39473684210526316,0.18421052631578946,0.56756756756756754,0.56756756756756754,0.16216216216216217,0.1891891891891892,0.71052631578947367,0.60526315789473684
stieger,reverse,54,0.22955192034139404,0.2498221906116643,0.2498221906116643,0.020270270270270258,POPULATION_ONLY,0,0.026315789473684209,0.54054054054054057,0.40540540540540543,0.026315789473684209,0,0.43243243243243246,0.48648648648648651
stieger,reverse,55,0.29392879721827092,0.38384107792002531,0.38384107792002531,0.089912280701754388,POPULATION_ONLY,0.13157894736842105,0.18421052631578946,0.3611111111111111,0.027777777777777776,0.42105263157894735,0.34210526315789475,0.6216216216216216,0.6216216216216216
stieger,reverse,56,0.37570135925399084,0.25618381539434171,0.37570135925399084,0,IDENTITY_RESIDUAL_CARRY,0.16216216216216217,0.16216216216216217,0.18421052631578946,0.18421052631578946,0.68421052631578949,0.68421052631578949,0.47222222222222221,0.47222222222222221
stieger,reverse,57,0.32734708392603129,0.33268136557610239,0.33268136557610239,0.0053342816500711043,POPULATION_ONLY,0.26315789473684209,0.23684210526315788,0.40540540540540543,0.35135135135135137,0.16216216216216217,0.40540540540540543,0.5,0.31578947368421051
stieger,reverse,58,0.26511379800853485,0.29871977240398295,0.29871977240398295,0.033605974395448102,POPULATION_ONLY,0.1891891891891892,0.13513513513513514,0.42105263157894735,0.18421052631578946,0.21621621621621623,0.16216216216216217,0.36842105263157893,0.57894736842105265
stieger,reverse,59,0.26535087719298245,0.31030701754385964,0.31030701754385964,0.044956140350877194,POPULATION_ONLY,0.083333333333333329,0.16666666666666666,0.47368421052631576,0.15789473684210525,0.21052631578947367,0.39473684210526316,0.47368421052631576,0.34210526315789475
stieger,reverse,60,0.63940256045519195,0.45945945945945948,0.63940256045519195,0,IDENTITY_RESIDUAL_CARRY,0.68421052631578949,0.68421052631578949,0.56756756756756754,0.56756756756756754,0.6216216216216216,0.6216216216216216,0.68421052631578949,0.68421052631578949
stieger,reverse,61,0.35899715504978663,0.23381934566145093,0.35899715504978663,0,IDENTITY_RESIDUAL_CARRY,0.24324324324324326,0.24324324324324326,0.32432432432432434,0.32432432432432434,0.57894736842105265,0.57894736842105265,0.28947368421052633,0.28947368421052633
stieger,reverse,62,0.28289473684210531,0.35472972972972971,0.35472972972972971,0.071834992887624405,POPULATION_ONLY,0.21052631578947367,0,0.32432432432432434,0.40540540540540543,0.28947368421052633,0.13157894736842105,0.59459459459459463,0.59459459459459463
openbmi,chronological,1,0.60999999999999999,0.66000000000000003,0.66000000000000003,0.050000000000000044,POPULATION_ONLY,0.52000000000000002,0.47999999999999998,0.80000000000000004,0.73999999999999999,,,,
openbmi,chronological,2,0.71999999999999997,0.73999999999999999,0.73999999999999999,0.020000000000000018,POPULATION_ONLY,0.76000000000000001,0.69999999999999996,0.71999999999999997,0.73999999999999999,,,,
openbmi,chronological,3,0.73999999999999999,0.82999999999999996,0.82999999999999996,0.089999999999999969,POPULATION_ONLY,0.83999999999999997,0.73999999999999999,0.81999999999999995,0.73999999999999999,,,,
openbmi,chronological,4,0.56000000000000005,0.58000000000000007,0.58000000000000007,0.020000000000000018,POPULATION_ONLY,0.59999999999999998,0.5,0.56000000000000005,0.62,,,,
openbmi,chronological,5,0.83000000000000007,0.82000000000000006,0.83000000000000007,0,IDENTITY_RESIDUAL_CARRY,0.80000000000000004,0.80000000000000004,0.85999999999999999,0.85999999999999999,,,,
openbmi,chronological,6,0.68999999999999995,0.64000000000000001,0.68999999999999995,0,IDENTITY_RESIDUAL_CARRY,0.64000000000000001,0.64000000000000001,0.73999999999999999,0.73999999999999999,,,,
openbmi,chronological,7,0.52000000000000002,0.66000000000000003,0.66000000000000003,0.14000000000000001,POPULATION_ONLY,0.68000000000000005,0.5,0.64000000000000001,0.54000000000000004,,,,
openbmi,chronological,8,0.59000000000000008,0.66000000000000003,0.66000000000000003,0.069999999999999951,POPULATION_ONLY,0.68000000000000005,0.64000000000000001,0.64000000000000001,0.54000000000000004,,,,
openbmi,chronological,9,0.76000000000000001,0.80000000000000004,0.80000000000000004,0.040000000000000036,POPULATION_ONLY,0.80000000000000004,0.76000000000000001,0.80000000000000004,0.76000000000000001,,,,
openbmi,chronological,10,0.71999999999999997,0.77000000000000002,0.77000000000000002,0.050000000000000044,POPULATION_ONLY,0.78000000000000003,0.71999999999999997,0.76000000000000001,0.71999999999999997,,,,
openbmi,chronological,11,0.5,0.55000000000000004,0.55000000000000004,0.050000000000000044,POPULATION_ONLY,0.54000000000000004,0.56000000000000005,0.56000000000000005,0.44,,,,
openbmi,chronological,12,0.43000000000000005,0.62,0.62,0.18999999999999995,POPULATION_ONLY,0.59999999999999998,0.46000000000000002,0.64000000000000001,0.40000000000000002,,,,
openbmi,chronological,13,0.56000000000000005,0.65000000000000002,0.65000000000000002,0.089999999999999969,POPULATION_ONLY,0.68000000000000005,0.59999999999999998,0.62,0.52000000000000002,,,,
openbmi,chronological,14,0.57000000000000006,0.62,0.62,0.049999999999999933,POPULATION_ONLY,0.59999999999999998,0.52000000000000002,0.64000000000000001,0.62,,,,
openbmi,chronological,15,0.54000000000000004,0.69999999999999996,0.69999999999999996,0.15999999999999992,POPULATION_ONLY,0.76000000000000001,0.54000000000000004,0.64000000000000001,0.54000000000000004,,,,
openbmi,chronological,16,0.38,0.6399999999999999,0.6399999999999999,0.2599999999999999,POPULATION_ONLY,0.57999999999999996,0.47999999999999998,0.69999999999999996,0.28000000000000003,,,,
openbmi,chronological,17,0.62,0.63,0.63,0.010000000000000009,POPULATION_ONLY,0.59999999999999998,0.64000000000000001,0.66000000000000003,0.59999999999999998,,,,
openbmi,chronological,18,0.8899999999999999,0.87,0.8899999999999999,0,IDENTITY_RESIDUAL_CARRY,0.95999999999999996,0.95999999999999996,0.81999999999999995,0.81999999999999995,,,,
openbmi,chronological,19,0.65000000000000002,0.75,0.75,0.099999999999999978,POPULATION_ONLY,0.71999999999999997,0.62,0.78000000000000003,0.68000000000000005,,,,
openbmi,chronological,20,0.51000000000000001,0.54000000000000004,0.54000000000000004,0.030000000000000027,POPULATION_ONLY,0.54000000000000004,0.52000000000000002,0.54000000000000004,0.5,,,,
openbmi,chronological,21,0.97999999999999998,0.95999999999999996,0.97999999999999998,0,IDENTITY_RESIDUAL_CARRY,0.97999999999999998,0.97999999999999998,0.97999999999999998,0.97999999999999998,,,,
openbmi,chronological,22,0.57000000000000006,0.67000000000000004,0.67000000000000004,0.099999999999999978,POPULATION_ONLY,0.66000000000000003,0.57999999999999996,0.68000000000000005,0.56000000000000005,,,,
openbmi,chronological,23,0.77000000000000002,0.79000000000000004,0.79000000000000004,0.020000000000000018,POPULATION_ONLY,0.80000000000000004,0.78000000000000003,0.78000000000000003,0.76000000000000001,,,,
openbmi,chronological,24,0.58999999999999997,0.55000000000000004,0.58999999999999997,0,IDENTITY_RESIDUAL_CARRY,0.59999999999999998,0.59999999999999998,0.57999999999999996,0.57999999999999996,,,,
openbmi,chronological,25,0.53000000000000003,0.58000000000000007,0.58000000000000007,0.050000000000000044,POPULATION_ONLY,0.47999999999999998,0.40000000000000002,0.68000000000000005,0.66000000000000003,,,,
openbmi,chronological,26,0.48999999999999999,0.67999999999999994,0.67999999999999994,0.18999999999999995,POPULATION_ONLY,0.69999999999999996,0.41999999999999998,0.66000000000000003,0.56000000000000005,,,,
openbmi,chronological,27,0.42999999999999999,0.52000000000000002,0.52000000000000002,0.090000000000000024,POPULATION_ONLY,0.35999999999999999,0.44,0.68000000000000005,0.41999999999999998,,,,
openbmi,chronological,28,0.67999999999999994,0.91000000000000003,0.91000000000000003,0.23000000000000009,POPULATION_ONLY,0.90000000000000002,0.71999999999999997,0.92000000000000004,0.64000000000000001,,,,
openbmi,chronological,29,0.94999999999999996,0.83000000000000007,0.94999999999999996,0,IDENTITY_RESIDUAL_CARRY,1,1,0.90000000000000002,0.90000000000000002,,,,
openbmi,chronological,30,0.56000000000000005,0.60000000000000009,0.60000000000000009,0.040000000000000036,POPULATION_ONLY,0.52000000000000002,0.62,0.68000000000000005,0.5,,,,
openbmi,chronological,31,0.65999999999999992,0.66999999999999993,0.66999999999999993,0.010000000000000009,POPULATION_ONLY,0.71999999999999997,0.62,0.62,0.69999999999999996,,,,
openbmi,chronological,32,0.95999999999999996,0.87,0.95999999999999996,0,IDENTITY_RESIDUAL_CARRY,0.92000000000000004,0.92000000000000004,1,1,,,,
openbmi,chronological,33,0.89000000000000001,0.85999999999999999,0.89000000000000001,0,IDENTITY_RESIDUAL_CARRY,0.85999999999999999,0.85999999999999999,0.92000000000000004,0.92000000000000004,,,,
openbmi,chronological,34,0.51000000000000001,0.45999999999999996,0.51000000000000001,0,IDENTITY_RESIDUAL_CARRY,0.47999999999999998,0.47999999999999998,0.54000000000000004,0.54000000000000004,,,,
openbmi,chronological,35,0.47999999999999998,0.54000000000000004,0.54000000000000004,0.060000000000000053,POPULATION_ONLY,0.62,0.64000000000000001,0.46000000000000002,0.32000000000000001,,,,
openbmi,chronological,36,0.98999999999999999,0.98999999999999999,0.98999999999999999,0,IDENTITY_RESIDUAL_CARRY,0.97999999999999998,0.97999999999999998,1,1,,,,
openbmi,chronological,37,0.94999999999999996,0.89999999999999991,0.94999999999999996,0,IDENTITY_RESIDUAL_CARRY,0.93999999999999995,0.93999999999999995,0.95999999999999996,0.95999999999999996,,,,
openbmi,chronological,38,0.5,0.60000000000000009,0.60000000000000009,0.10000000000000009,POPULATION_ONLY,0.64000000000000001,0.5,0.56000000000000005,0.5,,,,
openbmi,chronological,39,0.59000000000000008,0.62,0.62,0.029999999999999916,POPULATION_ONLY,0.59999999999999998,0.56000000000000005,0.64000000000000001,0.62,,,,
openbmi,chronological,40,0.56000000000000005,0.57000000000000006,0.57000000000000006,0.010000000000000009,POPULATION_ONLY,0.66000000000000003,0.62,0.47999999999999998,0.5,,,,
openbmi,chronological,41,0.59000000000000008,0.55000000000000004,0.59000000000000008,0,IDENTITY_RESIDUAL_CARRY,0.62,0.62,0.56000000000000005,0.56000000000000005,,,,
openbmi,chronological,42,0.6100000000000001,0.63,0.63,0.019999999999999907,POPULATION_ONLY,0.64000000000000001,0.66000000000000003,0.62,0.56000000000000005,,,,
openbmi,chronological,43,0.75,0.79000000000000004,0.79000000000000004,0.040000000000000036,POPULATION_ONLY,0.76000000000000001,0.69999999999999996,0.81999999999999995,0.80000000000000004,,,,
openbmi,chronological,44,0.92999999999999994,0.93999999999999995,0.93999999999999995,0.010000000000000009,POPULATION_ONLY,0.93999999999999995,0.93999999999999995,0.93999999999999995,0.92000000000000004,,,,
openbmi,chronological,45,0.71999999999999997,0.8899999999999999,0.8899999999999999,0.16999999999999993,POPULATION_ONLY,0.81999999999999995,0.71999999999999997,0.95999999999999996,0.71999999999999997,,,,
openbmi,chronological,46,0.6100000000000001,0.66999999999999993,0.66999999999999993,0.059999999999999831,POPULATION_ONLY,0.69999999999999996,0.66000000000000003,0.64000000000000001,0.56000000000000005,,,,
openbmi,chronological,47,0.56000000000000005,0.76000000000000001,0.76000000000000001,0.19999999999999996,POPULATION_ONLY,0.71999999999999997,0.59999999999999998,0.80000000000000004,0.52000000000000002,,,,
openbmi,chronological,48,0.57999999999999996,0.63,0.63,0.050000000000000044,POPULATION_ONLY,0.62,0.57999999999999996,0.64000000000000001,0.57999999999999996,,,,
openbmi,chronological,49,0.71999999999999997,0.66000000000000003,0.71999999999999997,0,IDENTITY_RESIDUAL_CARRY,0.68000000000000005,0.68000000000000005,0.76000000000000001,0.76000000000000001,,,,
openbmi,chronological,50,0.54000000000000004,0.59999999999999998,0.59999999999999998,0.059999999999999942,POPULATION_ONLY,0.62,0.54000000000000004,0.57999999999999996,0.54000000000000004,,,,
openbmi,chronological,51,0.59999999999999998,0.56000000000000005,0.59999999999999998,0,IDENTITY_RESIDUAL_CARRY,0.59999999999999998,0.59999999999999998,0.59999999999999998,0.59999999999999998,,,,
openbmi,chronological,52,0.73999999999999999,0.63,0.73999999999999999,0,IDENTITY_RESIDUAL_CARRY,0.69999999999999996,0.69999999999999996,0.78000000000000003,0.78000000000000003,,,,
openbmi,chronological,53,0.55000000000000004,0.60999999999999999,0.60999999999999999,0.059999999999999942,POPULATION_ONLY,0.52000000000000002,0.59999999999999998,0.69999999999999996,0.5,,,,
openbmi,chronological,54,0.44999999999999996,0.52000000000000002,0.52000000000000002,0.070000000000000062,POPULATION_ONLY,0.47999999999999998,0.29999999999999999,0.56000000000000005,0.59999999999999998,,,,
openbmi,reverse,1,0.67000000000000004,0.64000000000000001,0.67000000000000004,0,IDENTITY_RESIDUAL_CARRY,0.80000000000000004,0.80000000000000004,0.54000000000000004,0.54000000000000004,,,,
openbmi,reverse,2,0.84999999999999998,0.73999999999999999,0.84999999999999998,0,IDENTITY_RESIDUAL_CARRY,0.81999999999999995,0.81999999999999995,0.88,0.88,,,,
openbmi,reverse,3,0.93999999999999995,0.82999999999999996,0.93999999999999995,0,IDENTITY_RESIDUAL_CARRY,0.97999999999999998,0.97999999999999998,0.90000000000000002,0.90000000000000002,,,,
openbmi,reverse,4,0.65000000000000002,0.60999999999999999,0.65000000000000002,0,IDENTITY_RESIDUAL_CARRY,0.73999999999999999,0.73999999999999999,0.56000000000000005,0.56000000000000005,,,,
openbmi,reverse,5,0.88,0.89000000000000001,0.89000000000000001,0.010000000000000009,POPULATION_ONLY,0.88,0.88,0.90000000000000002,0.88,,,,
openbmi,reverse,6,0.60000000000000009,0.55000000000000004,0.60000000000000009,0,IDENTITY_RESIDUAL_CARRY,0.68000000000000005,0.68000000000000005,0.52000000000000002,0.52000000000000002,,,,
openbmi,reverse,7,0.58000000000000007,0.54000000000000004,0.58000000000000007,0,IDENTITY_RESIDUAL_CARRY,0.56000000000000005,0.56000000000000005,0.59999999999999998,0.59999999999999998,,,,
openbmi,reverse,8,0.53000000000000003,0.62,0.62,0.089999999999999969,POPULATION_ONLY,0.62,0.54000000000000004,0.62,0.52000000000000002,,,,
openbmi,reverse,9,0.63,0.77000000000000002,0.77000000000000002,0.14000000000000001,POPULATION_ONLY,0.76000000000000001,0.57999999999999996,0.78000000000000003,0.68000000000000005,,,,
openbmi,reverse,10,0.60000000000000009,0.66000000000000003,0.66000000000000003,0.059999999999999942,POPULATION_ONLY,0.64000000000000001,0.66000000000000003,0.68000000000000005,0.54000000000000004,,,,
openbmi,reverse,11,0.44,0.45000000000000001,0.45000000000000001,0.010000000000000009,POPULATION_ONLY,0.44,0.44,0.46000000000000002,0.44,,,,
openbmi,reverse,12,0.43000000000000005,0.66000000000000003,0.66000000000000003,0.22999999999999998,POPULATION_ONLY,0.68000000000000005,0.40000000000000002,0.64000000000000001,0.46000000000000002,,,,
openbmi,reverse,13,0.62,0.64000000000000001,0.64000000000000001,0.020000000000000018,POPULATION_ONLY,0.66000000000000003,0.59999999999999998,0.62,0.64000000000000001,,,,
openbmi,reverse,14,0.72999999999999998,0.62,0.72999999999999998,0,IDENTITY_RESIDUAL_CARRY,0.71999999999999997,0.71999999999999997,0.73999999999999999,0.73999999999999999,,,,
openbmi,reverse,15,0.57000000000000006,0.40000000000000002,0.57000000000000006,0,IDENTITY_RESIDUAL_CARRY,0.56000000000000005,0.56000000000000005,0.57999999999999996,0.57999999999999996,,,,
openbmi,reverse,16,0.39000000000000001,0.54000000000000004,0.54000000000000004,0.15000000000000002,POPULATION_ONLY,0.44,0.34000000000000002,0.64000000000000001,0.44,,,,
openbmi,reverse,17,0.63,0.66999999999999993,0.66999999999999993,0.039999999999999925,POPULATION_ONLY,0.71999999999999997,0.56000000000000005,0.62,0.69999999999999996,,,,
openbmi,reverse,18,0.90000000000000002,0.91999999999999993,0.91999999999999993,0.019999999999999907,POPULATION_ONLY,0.90000000000000002,0.92000000000000004,0.93999999999999995,0.88,,,,
openbmi,reverse,19,0.80000000000000004,0.78000000000000003,0.80000000000000004,0,IDENTITY_RESIDUAL_CARRY,0.78000000000000003,0.78000000000000003,0.81999999999999995,0.81999999999999995,,,,
openbmi,reverse,20,0.48000000000000004,0.67999999999999994,0.67999999999999994,0.1999999999999999,POPULATION_ONLY,0.64000000000000001,0.56000000000000005,0.71999999999999997,0.40000000000000002,,,,
openbmi,reverse,21,0.95999999999999996,0.89000000000000001,0.95999999999999996,0,IDENTITY_RESIDUAL_CARRY,0.95999999999999996,0.95999999999999996,0.95999999999999996,0.95999999999999996,,,,
openbmi,reverse,22,0.63,0.73999999999999999,0.73999999999999999,0.10999999999999999,POPULATION_ONLY,0.76000000000000001,0.71999999999999997,0.71999999999999997,0.54000000000000004,,,,
openbmi,reverse,23,0.89000000000000001,0.89000000000000001,0.89000000000000001,0,IDENTITY_RESIDUAL_CARRY,0.85999999999999999,0.85999999999999999,0.92000000000000004,0.92000000000000004,,,,
openbmi,reverse,24,0.6100000000000001,0.63,0.63,0.019999999999999907,POPULATION_ONLY,0.62,0.56000000000000005,0.64000000000000001,0.66000000000000003,,,,
openbmi,reverse,25,0.57000000000000006,0.55000000000000004,0.57000000000000006,0,IDENTITY_RESIDUAL_CARRY,0.52000000000000002,0.52000000000000002,0.62,0.62,,,,
openbmi,reverse,26,0.48999999999999999,0.47999999999999998,0.48999999999999999,0,IDENTITY_RESIDUAL_CARRY,0.54000000000000004,0.54000000000000004,0.44,0.44,,,,
openbmi,reverse,27,0.5,0.55000000000000004,0.55000000000000004,0.050000000000000044,POPULATION_ONLY,0.52000000000000002,0.5,0.57999999999999996,0.5,,,,
openbmi,reverse,28,0.82000000000000006,0.85000000000000009,0.85000000000000009,0.030000000000000027,POPULATION_ONLY,0.78000000000000003,0.76000000000000001,0.92000000000000004,0.88,,,,
openbmi,reverse,29,0.76000000000000001,0.67999999999999994,0.76000000000000001,0,IDENTITY_RESIDUAL_CARRY,1,1,0.52000000000000002,0.52000000000000002,,,,
openbmi,reverse,30,0.63,0.59000000000000008,0.63,0,IDENTITY_RESIDUAL_CARRY,0.57999999999999996,0.57999999999999996,0.68000000000000005,0.68000000000000005,,,,
openbmi,reverse,31,0.55000000000000004,0.66000000000000003,0.66000000000000003,0.10999999999999999,POPULATION_ONLY,0.64000000000000001,0.57999999999999996,0.68000000000000005,0.52000000000000002,,,,
openbmi,reverse,32,0.95999999999999996,0.96999999999999997,0.96999999999999997,0.010000000000000009,POPULATION_ONLY,0.95999999999999996,0.92000000000000004,0.97999999999999998,1,,,,
openbmi,reverse,33,0.83999999999999997,0.87,0.87,0.030000000000000027,POPULATION_ONLY,0.83999999999999997,0.81999999999999995,0.90000000000000002,0.85999999999999999,,,,
openbmi,reverse,34,0.62,0.46999999999999997,0.62,0,IDENTITY_RESIDUAL_CARRY,0.54000000000000004,0.54000000000000004,0.69999999999999996,0.69999999999999996,,,,
openbmi,reverse,35,0.45000000000000001,0.57000000000000006,0.57000000000000006,0.12000000000000005,POPULATION_ONLY,0.62,0.44,0.52000000000000002,0.46000000000000002,,,,
openbmi,reverse,36,0.97999999999999998,0.92999999999999994,0.97999999999999998,0,IDENTITY_RESIDUAL_CARRY,0.95999999999999996,0.95999999999999996,1,1,,,,
openbmi,reverse,37,0.92000000000000004,0.90000000000000002,0.92000000000000004,0,IDENTITY_RESIDUAL_CARRY,0.92000000000000004,0.92000000000000004,0.92000000000000004,0.92000000000000004,,,,
openbmi,reverse,38,0.58000000000000007,0.55000000000000004,0.58000000000000007,0,IDENTITY_RESIDUAL_CARRY,0.56000000000000005,0.56000000000000005,0.59999999999999998,0.59999999999999998,,,,
openbmi,reverse,39,0.66000000000000003,0.73999999999999999,0.73999999999999999,0.07999999999999996,POPULATION_ONLY,0.78000000000000003,0.68000000000000005,0.69999999999999996,0.64000000000000001,,,,
openbmi,reverse,40,0.57000000000000006,0.47999999999999998,0.57000000000000006,0,IDENTITY_RESIDUAL_CARRY,0.54000000000000004,0.54000000000000004,0.59999999999999998,0.59999999999999998,,,,
openbmi,reverse,41,0.54000000000000004,0.57000000000000006,0.57000000000000006,0.030000000000000027,POPULATION_ONLY,0.54000000000000004,0.59999999999999998,0.59999999999999998,0.47999999999999998,,,,
openbmi,reverse,42,0.62,0.58000000000000007,0.62,0,IDENTITY_RESIDUAL_CARRY,0.64000000000000001,0.64000000000000001,0.59999999999999998,0.59999999999999998,,,,
openbmi,reverse,43,0.66999999999999993,0.77000000000000002,0.77000000000000002,0.10000000000000009,POPULATION_ONLY,0.69999999999999996,0.57999999999999996,0.83999999999999997,0.76000000000000001,,,,
openbmi,reverse,44,0.93999999999999995,0.89000000000000001,0.93999999999999995,0,IDENTITY_RESIDUAL_CARRY,0.90000000000000002,0.90000000000000002,0.97999999999999998,0.97999999999999998,,,,
openbmi,reverse,45,0.66999999999999993,0.54000000000000004,0.66999999999999993,0,IDENTITY_RESIDUAL_CARRY,0.73999999999999999,0.73999999999999999,0.59999999999999998,0.59999999999999998,,,,
openbmi,reverse,46,0.64000000000000001,0.64000000000000001,0.64000000000000001,0,IDENTITY_RESIDUAL_CARRY,0.68000000000000005,0.68000000000000005,0.59999999999999998,0.59999999999999998,,,,
openbmi,reverse,47,0.47000000000000003,0.55000000000000004,0.55000000000000004,0.080000000000000016,POPULATION_ONLY,0.57999999999999996,0.54000000000000004,0.52000000000000002,0.40000000000000002,,,,
openbmi,reverse,48,0.51000000000000001,0.64000000000000001,0.64000000000000001,0.13,POPULATION_ONLY,0.64000000000000001,0.52000000000000002,0.64000000000000001,0.5,,,,
openbmi,reverse,49,0.79000000000000004,0.64999999999999991,0.79000000000000004,0,IDENTITY_RESIDUAL_CARRY,0.80000000000000004,0.80000000000000004,0.78000000000000003,0.78000000000000003,,,,
openbmi,reverse,50,0.59000000000000008,0.44,0.59000000000000008,0,IDENTITY_RESIDUAL_CARRY,0.54000000000000004,0.54000000000000004,0.64000000000000001,0.64000000000000001,,,,
openbmi,reverse,51,0.48000000000000004,0.57000000000000006,0.57000000000000006,0.090000000000000024,POPULATION_ONLY,0.57999999999999996,0.40000000000000002,0.56000000000000005,0.56000000000000005,,,,
openbmi,reverse,52,0.65999999999999992,0.68999999999999995,0.68999999999999995,0.030000000000000027,POPULATION_ONLY,0.68000000000000005,0.69999999999999996,0.69999999999999996,0.62,,,,
openbmi,reverse,53,0.62,0.58999999999999997,0.62,0,IDENTITY_RESIDUAL_CARRY,0.62,0.62,0.62,0.62,,,,
openbmi,reverse,54,0.46000000000000002,0.58000000000000007,0.58000000000000007,0.12000000000000005,POPULATION_ONLY,0.5,0.56000000000000005,0.66000000000000003,0.35999999999999999,,,,
