outer_fold,inner_fold,method,l2,kappa,mean_balanced_accuracy
0,0,SELECTIVE_GATE,0.0001,,0.38644262683736363
0,0,SELECTIVE_GATE,0.001,,0.3932013592539908
0,0,SELECTIVE_GATE,0.01,,0.39444001332159229
0,0,SELECTIVE_GATE,0.10000000000000001,,0.39167507733297208
0,0,SELECTIVE_GATE,1,,0.3884033845875951
0,0,SELECTIVE_GATE,10,,0.3849884565016144
0,0,GLOBAL_KAPPA,,0,0.38908210842421365
0,0,GLOBAL_KAPPA,,0.10000000000000001,0.38497067556278081
0,0,GLOBAL_KAPPA,,0.20000000000000001,0.3882520772652352
0,0,GLOBAL_KAPPA,,0.29999999999999999,0.38567178080335973
0,0,GLOBAL_KAPPA,,0.40000000000000002,0.37832430174535442
0,0,GLOBAL_KAPPA,,0.5,0.38099144257038992
0,0,GLOBAL_KAPPA,,0.59999999999999998,0.38174433832328569
0,0,GLOBAL_KAPPA,,0.69999999999999996,0.37204187269976746
0,0,GLOBAL_KAPPA,,0.80000000000000004,0.37187789293052448
0,0,GLOBAL_KAPPA,,0.90000000000000002,0.36774670347038774
0,0,GLOBAL_KAPPA,,1,0.36895185599132968
0,1,SELECTIVE_GATE,0.0001,,0.35054572540253653
0,1,SELECTIVE_GATE,0.001,,0.35529529640210755
0,1,SELECTIVE_GATE,0.01,,0.34588819192921366
0,1,SELECTIVE_GATE,0.10000000000000001,,0.3331372831256732
0,1,SELECTIVE_GATE,1,,0.33262889935490553
0,1,SELECTIVE_GATE,10,,0.33919102041006066
0,1,GLOBAL_KAPPA,,0,0.31908226946539642
0,1,GLOBAL_KAPPA,,0.10000000000000001,0.33770605800404563
0,1,GLOBAL_KAPPA,,0.20000000000000001,0.34813911102610789
0,1,GLOBAL_KAPPA,,0.29999999999999999,0.355335452104028
0,1,GLOBAL_KAPPA,,0.40000000000000002,0.36142262950699477
0,1,GLOBAL_KAPPA,,0.5,0.36777398085834617
0,1,GLOBAL_KAPPA,,0.59999999999999998,0.37192321523203881
0,1,GLOBAL_KAPPA,,0.69999999999999996,0.3674246377071454
0,1,GLOBAL_KAPPA,,0.80000000000000004,0.36687441643323998
0,1,GLOBAL_KAPPA,,0.90000000000000002,0.35872778295765911
0,1,GLOBAL_KAPPA,,1,0.35821841135695626
0,2,SELECTIVE_GATE,0.0001,,0.30691067862120491
0,2,SELECTIVE_GATE,0.001,,0.309884046726152
0,2,SELECTIVE_GATE,0.01,,0.30933535209851004
0,2,SELECTIVE_GATE,0.10000000000000001,,0.30746116930327455
0,2,SELECTIVE_GATE,1,,0.30566691093006876
0,2,SELECTIVE_GATE,10,,0.3087561245455982
0,2,GLOBAL_KAPPA,,0,0.29711320171846484
0,2,GLOBAL_KAPPA,,0.10000000000000001,0.30754378780694563
0,2,GLOBAL_KAPPA,,0.20000000000000001,0.31353811945917209
0,2,GLOBAL_KAPPA,,0.29999999999999999,0.31056475135422507
0,2,GLOBAL_KAPPA,,0.40000000000000002,0.31473518973518977
0,2,GLOBAL_KAPPA,,0.5,0.31468669626564366
0,2,GLOBAL_KAPPA,,0.59999999999999998,0.31840812103970001
0,2,GLOBAL_KAPPA,,0.69999999999999996,0.31902506573559203
0,2,GLOBAL_KAPPA,,0.80000000000000004,0.32206668390878918
0,2,GLOBAL_KAPPA,,0.90000000000000002,0.31789893960946586
0,2,GLOBAL_KAPPA,,1,0.31778578818052505
0,3,SELECTIVE_GATE,0.0001,,0.31646142735780891
0,3,SELECTIVE_GATE,0.001,,0.31974793755221381
0,3,SELECTIVE_GATE,0.01,,0.32972403206778206
0,3,SELECTIVE_GATE,0.10000000000000001,,0.33321815589085324
0,3,SELECTIVE_GATE,1,,0.33519282793131477
0,3,SELECTIVE_GATE,10,,0.33519282793131477
0,3,GLOBAL_KAPPA,,0,0.32454303339994128
0,3,GLOBAL_KAPPA,,0.10000000000000001,0.33519282793131477
0,3,GLOBAL_KAPPA,,0.20000000000000001,0.336466959205446
0,3,GLOBAL_KAPPA,,0.29999999999999999,0.33906100061527694
0,3,GLOBAL_KAPPA,,0.40000000000000002,0.33644522694687168
0,3,GLOBAL_KAPPA,,0.5,0.33089164705118651
0,3,GLOBAL_KAPPA,,0.59999999999999998,0.32866013922757342
0,3,GLOBAL_KAPPA,,0.69999999999999996,0.32588227677865833
0,3,GLOBAL_KAPPA,,0.80000000000000004,0.32977729021314545
0,3,GLOBAL_KAPPA,,0.90000000000000002,0.32768777588678899
0,3,GLOBAL_KAPPA,,1,0.32420382318408636
0,4,SELECTIVE_GATE,0.0001,,0.32033816112763486
0,4,SELECTIVE_GATE,0.001,,0.32262813052286737
0,4,SELECTIVE_GATE,0.01,,0.3228096089938195
0,4,SELECTIVE_GATE,0.10000000000000001,,0.32202922334501283
0,4,SELECTIVE_GATE,1,,0.32133407330775754
0,4,SELECTIVE_GATE,10,,0.31958920643131172
0,4,GLOBAL_KAPPA,,0,0.31178804402488614
0,4,GLOBAL_KAPPA,,0.10000000000000001,0.3166840883946147
0,4,GLOBAL_KAPPA,,0.20000000000000001,0.32377409022145864
0,4,GLOBAL_KAPPA,,0.29999999999999999,0.32114376851218956
0,4,GLOBAL_KAPPA,,0.40000000000000002,0.31557682083997879
0,4,GLOBAL_KAPPA,,0.5,0.31464182056287321
0,4,GLOBAL_KAPPA,,0.59999999999999998,0.31196359551622704
0,4,GLOBAL_KAPPA,,0.69999999999999996,0.30696045498677083
0,4,GLOBAL_KAPPA,,0.80000000000000004,0.3135366312997892
0,4,GLOBAL_KAPPA,,0.90000000000000002,0.3092701040069461
0,4,GLOBAL_KAPPA,,1,0.30623207794260421
1,0,SELECTIVE_GATE,0.0001,,0.35278330962541488
1,0,SELECTIVE_GATE,0.001,,0.35343922870238659
1,0,SELECTIVE_GATE,0.01,,0.35121266002844947
1,0,SELECTIVE_GATE,0.10000000000000001,,0.3538935458014405
1,0,SELECTIVE_GATE,1,,0.35047861771545979
1,0,SELECTIVE_GATE,10,,0.35055072930072928
1,0,GLOBAL_KAPPA,,0,0.3420752331278647
1,0,GLOBAL_KAPPA,,0.10000000000000001,0.34733641536273113
1,0,GLOBAL_KAPPA,,0.20000000000000001,0.35520933527512477
1,0,GLOBAL_KAPPA,,0.29999999999999999,0.35286702115649488
1,0,GLOBAL_KAPPA,,0.40000000000000002,0.35682813452550299
1,0,GLOBAL_KAPPA,,0.5,0.36025985572038205
1,0,GLOBAL_KAPPA,,0.59999999999999998,0.36568913838650674
1,0,GLOBAL_KAPPA,,0.69999999999999996,0.3623275531170268
1,0,GLOBAL_KAPPA,,0.80000000000000004,0.36789496263180477
1,0,GLOBAL_KAPPA,,0.90000000000000002,0.37054531034794191
1,0,GLOBAL_KAPPA,,1,0.36526535934430676
1,1,SELECTIVE_GATE,0.0001,,0.32097473413262889
1,1,SELECTIVE_GATE,0.001,,0.30992486847750006
1,1,SELECTIVE_GATE,0.01,,0.30583525254577892
1,1,SELECTIVE_GATE,0.10000000000000001,,0.31815168552010659
1,1,SELECTIVE_GATE,1,,0.32556938517464828
1,1,SELECTIVE_GATE,10,,0.3263014518277676
1,1,GLOBAL_KAPPA,,0,0.30677098150782361
1,1,GLOBAL_KAPPA,,0.10000000000000001,0.31628979543453228
1,1,GLOBAL_KAPPA,,0.20000000000000001,0.32368855697803067
1,1,GLOBAL_KAPPA,,0.29999999999999999,0.32280617083248664
1,1,GLOBAL_KAPPA,,0.40000000000000002,0.33290475626001947
1,1,GLOBAL_KAPPA,,0.5,0.33349062408272934
1,1,GLOBAL_KAPPA,,0.59999999999999998,0.33341752466752472
1,1,GLOBAL_KAPPA,,0.69999999999999996,0.33036809365756736
1,1,GLOBAL_KAPPA,,0.80000000000000004,0.32150816229763601
1,1,GLOBAL_KAPPA,,0.90000000000000002,0.32545651854862384
1,1,GLOBAL_KAPPA,,1,0.3293068256226151
1,2,SELECTIVE_GATE,0.0001,,0.38971278603147802
1,2,SELECTIVE_GATE,0.001,,0.39094128725997929
1,2,SELECTIVE_GATE,0.01,,0.38075406654644267
1,2,SELECTIVE_GATE,0.10000000000000001,,0.37082278358884396
1,2,SELECTIVE_GATE,1,,0.37944498284571809
1,2,SELECTIVE_GATE,10,,0.38108737198810727
1,2,GLOBAL_KAPPA,,0,0.36430310601653487
1,2,GLOBAL_KAPPA,,0.10000000000000001,0.3859743591119365
1,2,GLOBAL_KAPPA,,0.20000000000000001,0.37676965714407662
1,2,GLOBAL_KAPPA,,0.29999999999999999,0.38435896210180265
1,2,GLOBAL_KAPPA,,0.40000000000000002,0.38978252425911103
1,2,GLOBAL_KAPPA,,0.5,0.39049645589409532
1,2,GLOBAL_KAPPA,,0.59999999999999998,0.3930456910284697
1,2,GLOBAL_KAPPA,,0.69999999999999996,0.3897688425503828
1,2,GLOBAL_KAPPA,,0.80000000000000004,0.38374249886924033
1,2,GLOBAL_KAPPA,,0.90000000000000002,0.38238019158588038
1,2,GLOBAL_KAPPA,,1,0.37988246095347483
1,3,SELECTIVE_GATE,0.0001,,0.38022023219391643
1,3,SELECTIVE_GATE,0.001,,0.3862513829619092
1,3,SELECTIVE_GATE,0.01,,0.38069079845395631
1,3,SELECTIVE_GATE,0.10000000000000001,,0.39295156400419556
1,3,SELECTIVE_GATE,1,,0.39537623748150064
1,3,SELECTIVE_GATE,10,,0.39536007299165193
1,3,GLOBAL_KAPPA,,0,0.36409076540655499
1,3,GLOBAL_KAPPA,,0.10000000000000001,0.39227175740333631
1,3,GLOBAL_KAPPA,,0.20000000000000001,0.40060095981148613
1,3,GLOBAL_KAPPA,,0.29999999999999999,0.4008775521933417
1,3,GLOBAL_KAPPA,,0.40000000000000002,0.40152502981450344
1,3,GLOBAL_KAPPA,,0.5,0.40278675804991598
1,3,GLOBAL_KAPPA,,0.59999999999999998,0.40346566662356137
1,3,GLOBAL_KAPPA,,0.69999999999999996,0.40073656192077239
1,3,GLOBAL_KAPPA,,0.80000000000000004,0.4015825035561878
1,3,GLOBAL_KAPPA,,0.90000000000000002,0.39864236245815193
1,3,GLOBAL_KAPPA,,1,0.40294481083954764
1,4,SELECTIVE_GATE,0.0001,,0.32569562984036665
1,4,SELECTIVE_GATE,0.001,,0.32311640587956375
1,4,SELECTIVE_GATE,0.01,,0.32567784890153312
1,4,SELECTIVE_GATE,0.10000000000000001,,0.32688596491228067
1,4,SELECTIVE_GATE,1,,0.32421882408724512
1,4,SELECTIVE_GATE,10,,0.32695807649755015
1,4,GLOBAL_KAPPA,,0,0.32374170222854431
1,4,GLOBAL_KAPPA,,0.10000000000000001,0.32025466255729418
1,4,GLOBAL_KAPPA,,0.20000000000000001,0.32891299193930779
1,4,GLOBAL_KAPPA,,0.29999999999999999,0.32416243310980153
1,4,GLOBAL_KAPPA,,0.40000000000000002,0.32614780193727566
1,4,GLOBAL_KAPPA,,0.5,0.3240414945020208
1,4,GLOBAL_KAPPA,,0.59999999999999998,0.32391200410937254
1,4,GLOBAL_KAPPA,,0.69999999999999996,0.32166353383458646
1,4,GLOBAL_KAPPA,,0.80000000000000004,0.32142439431913117
1,4,GLOBAL_KAPPA,,0.90000000000000002,0.31473876131770873
1,4,GLOBAL_KAPPA,,1,0.30865669240669236
2,0,SELECTIVE_GATE,0.0001,,0.32692578408038936
2,0,SELECTIVE_GATE,0.001,,0.32868314636406742
2,0,SELECTIVE_GATE,0.01,,0.32571254931452304
2,0,SELECTIVE_GATE,0.10000000000000001,,0.32569638482467433
2,0,SELECTIVE_GATE,1,,0.32629447094907627
2,0,SELECTIVE_GATE,10,,0.3269087215633269
2,0,GLOBAL_KAPPA,,0,0.32567924533385056
2,0,GLOBAL_KAPPA,,0.10000000000000001,0.32994944170931012
2,0,GLOBAL_KAPPA,,0.20000000000000001,0.32630786438352227
2,0,GLOBAL_KAPPA,,0.29999999999999999,0.3311401488210699
2,0,GLOBAL_KAPPA,,0.40000000000000002,0.33512289951434687
2,0,GLOBAL_KAPPA,,0.5,0.34239594494528708
2,0,GLOBAL_KAPPA,,0.59999999999999998,0.33932469187403397
2,0,GLOBAL_KAPPA,,0.69999999999999996,0.33796968106178638
2,0,GLOBAL_KAPPA,,0.80000000000000004,0.34393707189759826
2,0,GLOBAL_KAPPA,,0.90000000000000002,0.34380678097783363
2,0,GLOBAL_KAPPA,,1,0.35048630739420211
2,1,SELECTIVE_GATE,0.0001,,0.3267868175762913
2,1,SELECTIVE_GATE,0.001,,0.34220063364800207
2,1,SELECTIVE_GATE,0.01,,0.35286208970419497
2,1,SELECTIVE_GATE,0.10000000000000001,,0.34667198811935651
2,1,SELECTIVE_GATE,1,,0.3459912834912835
2,1,SELECTIVE_GATE,10,,0.34476278226278223
2,1,GLOBAL_KAPPA,,0,0.32333749504802128
2,1,GLOBAL_KAPPA,,0.10000000000000001,0.34102698905330486
2,1,GLOBAL_KAPPA,,0.20000000000000001,0.3503574918048602
2,1,GLOBAL_KAPPA,,0.29999999999999999,0.34701046740520425
2,1,GLOBAL_KAPPA,,0.40000000000000002,0.35039595302753196
2,1,GLOBAL_KAPPA,,0.5,0.35087354955776012
2,1,GLOBAL_KAPPA,,0.59999999999999998,0.33766138831928311
2,1,GLOBAL_KAPPA,,0.69999999999999996,0.33934870448028343
2,1,GLOBAL_KAPPA,,0.80000000000000004,0.33988115764431553
2,1,GLOBAL_KAPPA,,0.90000000000000002,0.34473050459892562
2,1,GLOBAL_KAPPA,,1,0.34529626174363015
2,2,SELECTIVE_GATE,0.0001,,0.3435603366524419
2,2,SELECTIVE_GATE,0.001,,0.35949107001738584
2,2,SELECTIVE_GATE,0.01,,0.35940117749328276
2,2,SELECTIVE_GATE,0.10000000000000001,,0.35477714556661927
2,2,SELECTIVE_GATE,1,,0.35280346135609297
2,2,SELECTIVE_GATE,10,,0.35280346135609297
2,2,GLOBAL_KAPPA,,0,0.35625691480954641
2,2,GLOBAL_KAPPA,,0.10000000000000001,0.35554271376639796
2,2,GLOBAL_KAPPA,,0.20000000000000001,0.36135510510510505
2,2,GLOBAL_KAPPA,,0.29999999999999999,0.36663801959854592
2,2,GLOBAL_KAPPA,,0.40000000000000002,0.3660364311680101
2,2,GLOBAL_KAPPA,,0.5,0.3553332938201359
2,2,GLOBAL_KAPPA,,0.59999999999999998,0.34804409672830727
2,2,GLOBAL_KAPPA,,0.69999999999999996,0.33991623202149518
2,2,GLOBAL_KAPPA,,0.80000000000000004,0.32837047573889677
2,2,GLOBAL_KAPPA,,0.90000000000000002,0.32372866287339974
2,2,GLOBAL_KAPPA,,1,0.3197812944523471
2,3,SELECTIVE_GATE,0.0001,,0.38390034771613718
2,3,SELECTIVE_GATE,0.001,,0.39327090248142882
2,3,SELECTIVE_GATE,0.01,,0.3892711790738107
2,3,SELECTIVE_GATE,0.10000000000000001,,0.38369487908961591
2,3,SELECTIVE_GATE,1,,0.38026019440493125
2,3,SELECTIVE_GATE,10,,0.37963884937569142
2,3,GLOBAL_KAPPA,,0,0.37724039829302985
2,3,GLOBAL_KAPPA,,0.10000000000000001,0.38402876560771293
2,3,GLOBAL_KAPPA,,0.20000000000000001,0.3762219456298404
2,3,GLOBAL_KAPPA,,0.29999999999999999,0.38312193772720088
2,3,GLOBAL_KAPPA,,0.40000000000000002,0.37524498182392918
2,3,GLOBAL_KAPPA,,0.5,0.37926347400031613
2,3,GLOBAL_KAPPA,,0.59999999999999998,0.37535166745693066
2,3,GLOBAL_KAPPA,,0.69999999999999996,0.37680871661134818
2,3,GLOBAL_KAPPA,,0.80000000000000004,0.3768788525367473
2,3,GLOBAL_KAPPA,,0.90000000000000002,0.37689663347558089
2,3,GLOBAL_KAPPA,,1,0.37227457720878776
2,4,SELECTIVE_GATE,0.0001,,0.35320872730315456
2,4,SELECTIVE_GATE,0.001,,0.35390218391766382
2,4,SELECTIVE_GATE,0.01,,0.35934315120073634
2,4,SELECTIVE_GATE,0.10000000000000001,,0.35996350840004088
2,4,SELECTIVE_GATE,1,,0.35676465109514643
2,4,SELECTIVE_GATE,10,,0.35585939544143874
2,4,GLOBAL_KAPPA,,0,0.33914104119599481
2,4,GLOBAL_KAPPA,,0.10000000000000001,0.34445777765824204
2,4,GLOBAL_KAPPA,,0.20000000000000001,0.36732684918443431
2,4,GLOBAL_KAPPA,,0.29999999999999999,0.3719465811454975
2,4,GLOBAL_KAPPA,,0.40000000000000002,0.37742929129926034
2,4,GLOBAL_KAPPA,,0.5,0.38176834840147533
2,4,GLOBAL_KAPPA,,0.59999999999999998,0.37650751481246836
2,4,GLOBAL_KAPPA,,0.69999999999999996,0.37948326533078858
2,4,GLOBAL_KAPPA,,0.80000000000000004,0.38094130231514128
2,4,GLOBAL_KAPPA,,0.90000000000000002,0.38099993292717749
2,4,GLOBAL_KAPPA,,1,0.38094461445080641
3,0,SELECTIVE_GATE,0.0001,,0.34095246562351822
3,0,SELECTIVE_GATE,0.001,,0.35167535957009644
3,0,SELECTIVE_GATE,0.01,,0.345627864706812
3,0,SELECTIVE_GATE,0.10000000000000001,,0.34491563932353408
3,0,SELECTIVE_GATE,1,,0.34628477161371896
3,0,SELECTIVE_GATE,10,,0.34633910226015496
3,0,GLOBAL_KAPPA,,0,0.33789513197407933
3,0,GLOBAL_KAPPA,,0.10000000000000001,0.3397423739529003
3,0,GLOBAL_KAPPA,,0.20000000000000001,0.34557254623044098
3,0,GLOBAL_KAPPA,,0.29999999999999999,0.34485735735735734
3,0,GLOBAL_KAPPA,,0.40000000000000002,0.34884028765607711
3,0,GLOBAL_KAPPA,,0.5,0.35485024498182394
3,0,GLOBAL_KAPPA,,0.59999999999999998,0.35485123281175912
3,0,GLOBAL_KAPPA,,0.69999999999999996,0.35695135925399091
3,0,GLOBAL_KAPPA,,0.80000000000000004,0.35019460249723411
3,0,GLOBAL_KAPPA,,0.90000000000000002,0.34621266002844953
3,0,GLOBAL_KAPPA,,1,0.3454461039987356
3,1,SELECTIVE_GATE,0.0001,,0.38311007546688652
3,1,SELECTIVE_GATE,0.001,,0.38453255057357222
3,1,SELECTIVE_GATE,0.01,,0.38657735853943287
3,1,SELECTIVE_GATE,0.10000000000000001,,0.38136853129113196
3,1,SELECTIVE_GATE,1,,0.3873668986323785
3,1,SELECTIVE_GATE,10,,0.38909406697719395
3,1,GLOBAL_KAPPA,,0,0.34505293938343473
3,1,GLOBAL_KAPPA,,0.10000000000000001,0.38368866157178855
3,1,GLOBAL_KAPPA,,0.20000000000000001,0.39457463212881166
3,1,GLOBAL_KAPPA,,0.29999999999999999,0.40590117483693333
3,1,GLOBAL_KAPPA,,0.40000000000000002,0.40749234307283844
3,1,GLOBAL_KAPPA,,0.5,0.41007362736464897
3,1,GLOBAL_KAPPA,,0.59999999999999998,0.40931235913047059
3,1,GLOBAL_KAPPA,,0.69999999999999996,0.40531629650437695
3,1,GLOBAL_KAPPA,,0.80000000000000004,0.40543553338831978
3,1,GLOBAL_KAPPA,,0.90000000000000002,0.39953458600130426
3,1,GLOBAL_KAPPA,,1,0.39150910696189334
3,2,SELECTIVE_GATE,0.0001,,0.33074361015150489
3,2,SELECTIVE_GATE,0.001,,0.33074361015150489
3,2,SELECTIVE_GATE,0.01,,0.32734547517442253
3,2,SELECTIVE_GATE,0.10000000000000001,,0.32250609632188582
3,2,SELECTIVE_GATE,1,,0.31374314163787853
3,2,SELECTIVE_GATE,10,,0.315790997764682
3,2,GLOBAL_KAPPA,,0,0.31703648197069245
3,2,GLOBAL_KAPPA,,0.10000000000000001,0.31517064056537747
3,2,GLOBAL_KAPPA,,0.20000000000000001,0.31658907968118494
3,2,GLOBAL_KAPPA,,0.29999999999999999,0.32674298358508885
3,2,GLOBAL_KAPPA,,0.40000000000000002,0.32960365440628603
3,2,GLOBAL_KAPPA,,0.5,0.34368615796247381
3,2,GLOBAL_KAPPA,,0.59999999999999998,0.34233184312131676
3,2,GLOBAL_KAPPA,,0.69999999999999996,0.34028209600578024
3,2,GLOBAL_KAPPA,,0.80000000000000004,0.32950289575289576
3,2,GLOBAL_KAPPA,,0.90000000000000002,0.32267106392106387
3,2,GLOBAL_KAPPA,,1,0.32267106392106393
3,3,SELECTIVE_GATE,0.0001,,0.34701477793583058
3,3,SELECTIVE_GATE,0.001,,0.35356858054226475
3,3,SELECTIVE_GATE,0.01,,0.35768962742646954
3,3,SELECTIVE_GATE,0.10000000000000001,,0.36111200913832492
3,3,SELECTIVE_GATE,1,,0.36230818138712878
3,3,SELECTIVE_GATE,10,,0.3556969050390103
3,3,GLOBAL_KAPPA,,0,0.34372620227883383
3,3,GLOBAL_KAPPA,,0.10000000000000001,0.35136302570513095
3,3,GLOBAL_KAPPA,,0.20000000000000001,0.35684458381826806
3,3,GLOBAL_KAPPA,,0.29999999999999999,0.35760790695001227
3,3,GLOBAL_KAPPA,,0.40000000000000002,0.35893429314481951
3,3,GLOBAL_KAPPA,,0.5,0.34697526473842261
3,3,GLOBAL_KAPPA,,0.59999999999999998,0.3471378076641235
3,3,GLOBAL_KAPPA,,0.69999999999999996,0.34773589378852532
3,3,GLOBAL_KAPPA,,0.80000000000000004,0.34537677629782898
3,3,GLOBAL_KAPPA,,0.90000000000000002,0.33874933545986169
3,3,GLOBAL_KAPPA,,1,0.32785446930183776
3,4,SELECTIVE_GATE,0.0001,,0.33308925819616614
3,4,SELECTIVE_GATE,0.001,,0.33250339037345611
3,4,SELECTIVE_GATE,0.01,,0.34338828842940677
3,4,SELECTIVE_GATE,0.10000000000000001,,0.35339895699270696
3,4,SELECTIVE_GATE,1,,0.35135316119691118
3,4,SELECTIVE_GATE,10,,0.34941602669398719
3,4,GLOBAL_KAPPA,,0,0.33689347594775232
3,4,GLOBAL_KAPPA,,0.10000000000000001,0.34951291869877393
3,4,GLOBAL_KAPPA,,0.20000000000000001,0.34871647375759213
3,4,GLOBAL_KAPPA,,0.29999999999999999,0.35086887051525212
3,4,GLOBAL_KAPPA,,0.40000000000000002,0.35342430188647295
3,4,GLOBAL_KAPPA,,0.5,0.3468870127176048
3,4,GLOBAL_KAPPA,,0.59999999999999998,0.33894296904987697
3,4,GLOBAL_KAPPA,,0.69999999999999996,0.33613567985278514
3,4,GLOBAL_KAPPA,,0.80000000000000004,0.33269983799589065
3,4,GLOBAL_KAPPA,,0.90000000000000002,0.33536895448079657
3,4,GLOBAL_KAPPA,,1,0.33721413612860979
4,0,SELECTIVE_GATE,0.0001,,0.2951069496077236
4,0,SELECTIVE_GATE,0.001,,0.31829131818682899
4,0,SELECTIVE_GATE,0.01,,0.31350923347053378
4,0,SELECTIVE_GATE,0.10000000000000001,,0.30999741337976633
4,0,SELECTIVE_GATE,1,,0.31557083454529272
4,0,SELECTIVE_GATE,10,,0.31407979574001244
4,0,GLOBAL_KAPPA,,0,0.29320052250392814
4,0,GLOBAL_KAPPA,,0.10000000000000001,0.30867941415542033
4,0,GLOBAL_KAPPA,,0.20000000000000001,0.32175747397109628
4,0,GLOBAL_KAPPA,,0.29999999999999999,0.32783855505217729
4,0,GLOBAL_KAPPA,,0.40000000000000002,0.32698361231642964
4,0,GLOBAL_KAPPA,,0.5,0.32353766637048376
4,0,GLOBAL_KAPPA,,0.59999999999999998,0.31425319558833492
4,0,GLOBAL_KAPPA,,0.69999999999999996,0.31774113841838297
4,0,GLOBAL_KAPPA,,0.80000000000000004,0.31240784459824711
4,0,GLOBAL_KAPPA,,0.90000000000000002,0.29695127956350864
4,0,GLOBAL_KAPPA,,1,0.29156365509693682
4,1,SELECTIVE_GATE,0.0001,,0.35280543701596334
4,1,SELECTIVE_GATE,0.001,,0.35479591433538804
4,1,SELECTIVE_GATE,0.01,,0.34553105737316259
4,1,SELECTIVE_GATE,0.10000000000000001,,0.33692804646752011
4,1,SELECTIVE_GATE,1,,0.33758594120436225
4,1,SELECTIVE_GATE,10,,0.33692804646752011
4,1,GLOBAL_KAPPA,,0,0.33289177335229969
4,1,GLOBAL_KAPPA,,0.10000000000000001,0.33619804014540849
4,1,GLOBAL_KAPPA,,0.20000000000000001,0.34555180180180184
4,1,GLOBAL_KAPPA,,0.29999999999999999,0.35686146672988778
4,1,GLOBAL_KAPPA,,0.40000000000000002,0.36342460881934568
4,1,GLOBAL_KAPPA,,0.5,0.36541706179864075
4,1,GLOBAL_KAPPA,,0.59999999999999998,0.3640666982772246
4,1,GLOBAL_KAPPA,,0.69999999999999996,0.36424747115536593
4,1,GLOBAL_KAPPA,,0.80000000000000004,0.36561660344555086
4,1,GLOBAL_KAPPA,,0.90000000000000002,0.35690394341710135
4,1,GLOBAL_KAPPA,,1,0.34571874506085032
4,2,SELECTIVE_GATE,0.0001,,0.33912778978568453
4,2,SELECTIVE_GATE,0.001,,0.34570681412786675
4,2,SELECTIVE_GATE,0.01,,0.34781530505214714
4,2,SELECTIVE_GATE,0.10000000000000001,,0.34341586973165916
4,2,SELECTIVE_GATE,1,,0.34402824731772108
4,2,SELECTIVE_GATE,10,,0.34406147432463224
4,2,GLOBAL_KAPPA,,0,0.34819981464718308
4,2,GLOBAL_KAPPA,,0.10000000000000001,0.34490928898823631
4,2,GLOBAL_KAPPA,,0.20000000000000001,0.34157124486071855
4,2,GLOBAL_KAPPA,,0.29999999999999999,0.34207054799160069
4,2,GLOBAL_KAPPA,,0.40000000000000002,0.34510490497332602
4,2,GLOBAL_KAPPA,,0.5,0.34023662247346459
4,2,GLOBAL_KAPPA,,0.59999999999999998,0.3409400087031666
4,2,GLOBAL_KAPPA,,0.69999999999999996,0.33854856223277269
4,2,GLOBAL_KAPPA,,0.80000000000000004,0.34225202646255276
4,2,GLOBAL_KAPPA,,0.90000000000000002,0.34356404422193892
4,2,GLOBAL_KAPPA,,1,0.34296595809753705
4,3,SELECTIVE_GATE,0.0001,,0.37226498114656009
4,3,SELECTIVE_GATE,0.001,,0.37672108198423987
4,3,SELECTIVE_GATE,0.01,,0.35866247826774145
4,3,SELECTIVE_GATE,0.10000000000000001,,0.36276403282982234
4,3,SELECTIVE_GATE,1,,0.3682464889701732
4,3,SELECTIVE_GATE,10,,0.37943267515635937
4,3,GLOBAL_KAPPA,,0,0.35808567025672289
4,3,GLOBAL_KAPPA,,0.10000000000000001,0.37892097924992663
4,3,GLOBAL_KAPPA,,0.20000000000000001,0.35722123439228703
4,3,GLOBAL_KAPPA,,0.29999999999999999,0.35715775926302246
4,3,GLOBAL_KAPPA,,0.40000000000000002,0.35565205242836817
4,3,GLOBAL_KAPPA,,0.5,0.35195929011718485
4,3,GLOBAL_KAPPA,,0.59999999999999998,0.35035101831154469
4,3,GLOBAL_KAPPA,,0.69999999999999996,0.34943826345142137
4,3,GLOBAL_KAPPA,,0.80000000000000004,0.35404451443925122
4,3,GLOBAL_KAPPA,,0.90000000000000002,0.35064835512203929
4,3,GLOBAL_KAPPA,,1,0.3486410846937163
4,4,SELECTIVE_GATE,0.0001,,0.36766338707128182
4,4,SELECTIVE_GATE,0.001,,0.36660838470048995
4,4,SELECTIVE_GATE,0.01,,0.36461790738106525
4,4,SELECTIVE_GATE,0.10000000000000001,,0.36003042516200412
4,4,SELECTIVE_GATE,1,,0.362624466571835
4,4,SELECTIVE_GATE,10,,0.35929943100995732
4,4,GLOBAL_KAPPA,,0,0.32574284811126919
4,4,GLOBAL_KAPPA,,0.10000000000000001,0.35818515884305357
4,4,GLOBAL_KAPPA,,0.20000000000000001,0.35852793583056741
4,4,GLOBAL_KAPPA,,0.29999999999999999,0.36850106685633005
4,4,GLOBAL_KAPPA,,0.40000000000000002,0.37060020546862654
4,4,GLOBAL_KAPPA,,0.5,0.37597004899636483
4,4,GLOBAL_KAPPA,,0.59999999999999998,0.37723150782361309
4,4,GLOBAL_KAPPA,,0.69999999999999996,0.37255413308044888
4,4,GLOBAL_KAPPA,,0.80000000000000004,0.37186067646593968
4,4,GLOBAL_KAPPA,,0.90000000000000002,0.3664730519993678
4,4,GLOBAL_KAPPA,,1,0.3717539908329382
5,0,SELECTIVE_GATE,0.0001,,0.35521931171602222
5,0,SELECTIVE_GATE,0.001,,0.35284313170826331
5,0,SELECTIVE_GATE,0.01,,0.36215926602439763
5,0,SELECTIVE_GATE,0.10000000000000001,,0.36048534329784326
5,0,SELECTIVE_GATE,1,,0.35629874042702991
5,0,SELECTIVE_GATE,10,,0.35501807664636614
5,0,GLOBAL_KAPPA,,0,0.34451385232635234
5,0,GLOBAL_KAPPA,,0.10000000000000001,0.35072281248268095
5,0,GLOBAL_KAPPA,,0.20000000000000001,0.35558016470845427
5,0,GLOBAL_KAPPA,,0.29999999999999999,0.36209886727978835
5,0,GLOBAL_KAPPA,,0.40000000000000002,0.36513412228872755
5,0,GLOBAL_KAPPA,,0.5,0.36220647659792404
5,0,GLOBAL_KAPPA,,0.59999999999999998,0.3622682865281549
5,0,GLOBAL_KAPPA,,0.69999999999999996,0.36406067187317181
5,0,GLOBAL_KAPPA,,0.80000000000000004,0.36286532067782074
5,0,GLOBAL_KAPPA,,0.90000000000000002,0.36087435265066847
5,0,GLOBAL_KAPPA,,1,0.36027618955250534
5,1,SELECTIVE_GATE,0.0001,,0.3085765191028349
5,1,SELECTIVE_GATE,0.001,,0.31380932367774472
5,1,SELECTIVE_GATE,0.01,,0.31598434558960875
5,1,SELECTIVE_GATE,0.10000000000000001,,0.31777860396281449
5,1,SELECTIVE_GATE,1,,0.3171481888587151
5,1,SELECTIVE_GATE,10,,0.31591878960300013
5,1,GLOBAL_KAPPA,,0,0.31302444789286898
5,1,GLOBAL_KAPPA,,0.10000000000000001,0.31724607382502124
5,1,GLOBAL_KAPPA,,0.20000000000000001,0.31537009497535812
5,1,GLOBAL_KAPPA,,0.29999999999999999,0.31648364872049084
5,1,GLOBAL_KAPPA,,0.40000000000000002,0.3097753854332802
5,1,GLOBAL_KAPPA,,0.5,0.31178247625616051
5,1,GLOBAL_KAPPA,,0.59999999999999998,0.30832866359182148
5,1,GLOBAL_KAPPA,,0.69999999999999996,0.30965774386827016
5,1,GLOBAL_KAPPA,,0.80000000000000004,0.30684691868902392
5,1,GLOBAL_KAPPA,,0.90000000000000002,0.31535213443108179
5,1,GLOBAL_KAPPA,,1,0.31779476845266319
5,2,SELECTIVE_GATE,0.0001,,0.37312744135112552
5,2,SELECTIVE_GATE,0.001,,0.38047195691932528
5,2,SELECTIVE_GATE,0.01,,0.38175325701641494
5,2,SELECTIVE_GATE,0.10000000000000001,,0.38171670730881258
5,2,SELECTIVE_GATE,1,,0.37568493305335415
5,2,SELECTIVE_GATE,10,,0.38169390254916569
5,2,GLOBAL_KAPPA,,0,0.3689993000519316
5,2,GLOBAL_KAPPA,,0.10000000000000001,0.37431481293323399
5,2,GLOBAL_KAPPA,,0.20000000000000001,0.37908512836144415
5,2,GLOBAL_KAPPA,,0.29999999999999999,0.38571832170516379
5,2,GLOBAL_KAPPA,,0.40000000000000002,0.3859732664995823
5,2,GLOBAL_KAPPA,,0.5,0.38940498769446141
5,2,GLOBAL_KAPPA,,0.59999999999999998,0.39150610196662827
5,2,GLOBAL_KAPPA,,0.69999999999999996,0.3853291167106957
5,2,GLOBAL_KAPPA,,0.80000000000000004,0.38192900607374292
5,2,GLOBAL_KAPPA,,0.90000000000000002,0.37973701144753774
5,2,GLOBAL_KAPPA,,1,0.37704912619386305
5,3,SELECTIVE_GATE,0.0001,,0.34085664611980399
5,3,SELECTIVE_GATE,0.001,,0.33967322585743637
5,3,SELECTIVE_GATE,0.01,,0.34212304409672828
5,3,SELECTIVE_GATE,0.10000000000000001,,0.33812332068911016
5,3,SELECTIVE_GATE,1,,0.32946499130709661
5,3,SELECTIVE_GATE,10,,0.32944721036826297
5,3,GLOBAL_KAPPA,,0,0.30920953848585431
5,3,GLOBAL_KAPPA,,0.10000000000000001,0.32128378378378375
5,3,GLOBAL_KAPPA,,0.20000000000000001,0.33224276908487438
5,3,GLOBAL_KAPPA,,0.29999999999999999,0.33938181602655282
5,3,GLOBAL_KAPPA,,0.40000000000000002,0.34449383594120436
5,3,GLOBAL_KAPPA,,0.5,0.35514560613244822
5,3,GLOBAL_KAPPA,,0.59999999999999998,0.35845286075549232
5,3,GLOBAL_KAPPA,,0.69999999999999996,0.36020724672040461
5,3,GLOBAL_KAPPA,,0.80000000000000004,0.35468824087245143
5,3,GLOBAL_KAPPA,,0.90000000000000002,0.3506657973763237
5,3,GLOBAL_KAPPA,,1,0.34797988778251937
5,4,SELECTIVE_GATE,0.0001,,0.40765765765765771
5,4,SELECTIVE_GATE,0.001,,0.4057017543859649
5,4,SELECTIVE_GATE,0.01,,0.410373202149518
5,4,SELECTIVE_GATE,0.10000000000000001,,0.41351548917338388
5,4,SELECTIVE_GATE,1,,0.40858621779674403
5,4,SELECTIVE_GATE,10,,0.4099020072704283
5,4,GLOBAL_KAPPA,,0,0.38621582108424213
5,4,GLOBAL_KAPPA,,0.10000000000000001,0.41996009167061799
5,4,GLOBAL_KAPPA,,0.20000000000000001,0.40785522364469734
5,4,GLOBAL_KAPPA,,0.29999999999999999,0.40462995890627462
5,4,GLOBAL_KAPPA,,0.40000000000000002,0.41005413308044886
5,4,GLOBAL_KAPPA,,0.5,0.39919985775248934
5,4,GLOBAL_KAPPA,,0.59999999999999998,0.39907143986091353
5,4,GLOBAL_KAPPA,,0.69999999999999996,0.39698909435751545
5,4,GLOBAL_KAPPA,,0.80000000000000004,0.39821499130709653
5,4,GLOBAL_KAPPA,,0.90000000000000002,0.39487118697645018
5,4,GLOBAL_KAPPA,,1,0.3935731784415995
