domain,profile,first,second,euclidean_distance,centered_correlation
G_subject_fixed_class,raw,S1,S2,1.7212913332372572,-0.12050634459449862
G_subject_fixed_class,raw,S1,S3,0.7085711630771514,0.8313502886751555
G_subject_fixed_class,raw,S1,S4,1.2582800005377706,0.5769649302026646
G_subject_fixed_class,raw,S1,S5,1.6218737531910334,0.911556097807804
G_subject_fixed_class,raw,S1,S6,1.4347136073695672,-0.1713773150216383
G_subject_fixed_class,raw,S1,S7,1.1821514637152204,0.6974276048476781
G_subject_fixed_class,raw,S1,S8,0.8501431111469131,0.6253812271786758
G_subject_fixed_class,raw,S1,S9,6.451085704258712,0.2759915488252901
G_subject_fixed_class,raw,S2,S3,1.2743383689690297,-0.5316735195677085
G_subject_fixed_class,raw,S2,S4,0.6083515429560284,-0.7611850306693975
G_subject_fixed_class,raw,S2,S5,0.18980673250835287,-0.46679717790461356
G_subject_fixed_class,raw,S2,S6,0.4547933754692272,0.42104203726386297
G_subject_fixed_class,raw,S2,S7,0.6527204842393493,-0.40423392739618913
G_subject_fixed_class,raw,S2,S8,1.5549766254652002,-0.7292321704498388
G_subject_fixed_class,raw,S2,S9,7.589923328761006,-0.6169032939300515
G_subject_fixed_class,raw,S3,S4,0.7639752830616883,0.7432686982676199
G_subject_fixed_class,raw,S3,S5,1.1416411623198268,0.8492539488578459
G_subject_fixed_class,raw,S3,S6,0.9987644777165938,-0.23818248232231787
G_subject_fixed_class,raw,S3,S7,0.6741991936259993,0.8689033776577629
G_subject_fixed_class,raw,S3,S8,0.5228791698801298,0.8565592254728519
G_subject_fixed_class,raw,S3,S9,6.682045766534401,0.3917522851481096
G_subject_fixed_class,raw,S4,S5,0.4747114250619933,0.8243863949513889
G_subject_fixed_class,raw,S4,S6,0.4362551301017561,-0.7609053444370167
G_subject_fixed_class,raw,S4,S7,0.2893132446637458,0.49833684915212006
G_subject_fixed_class,raw,S4,S8,1.0043749805996196,0.785527843193107
G_subject_fixed_class,raw,S4,S9,7.073105797055993,0.6328770272940288
G_subject_fixed_class,raw,S5,S6,0.43545985766950657,-0.39840346681328553
G_subject_fixed_class,raw,S5,S7,0.5447739920011143,0.6679411388239251
G_subject_fixed_class,raw,S5,S8,1.4148232341169207,0.7853658500055292
G_subject_fixed_class,raw,S5,S9,7.466788980522448,0.5340999922314712
G_subject_fixed_class,raw,S6,S7,0.3745315481170554,0.058117215491251165
G_subject_fixed_class,raw,S6,S8,1.2421154106288943,-0.2655166210955544
G_subject_fixed_class,raw,S6,S9,7.287068707133847,-0.35045848906565974
G_subject_fixed_class,raw,S7,S8,0.9206921979868131,0.8880285762845078
G_subject_fixed_class,raw,S7,S9,7.036423034991925,0.5557057728655611
G_subject_fixed_class,raw,S8,S9,6.204946216944368,0.7926383082169496
G_subject_fixed_class,baseline_adjusted,S1,S2,1.6529636685713602,-0.15087118015755646
G_subject_fixed_class,baseline_adjusted,S1,S3,0.7315595572821212,0.8232041258767389
G_subject_fixed_class,baseline_adjusted,S1,S4,1.4646978820858008,0.5824443509290561
G_subject_fixed_class,baseline_adjusted,S1,S5,1.5546824563948487,0.5607244951089982
G_subject_fixed_class,baseline_adjusted,S1,S6,1.6540945111264498,-0.31397535086478945
G_subject_fixed_class,baseline_adjusted,S1,S7,1.3550852775715776,0.6901837391103288
G_subject_fixed_class,baseline_adjusted,S1,S8,0.9638624388927671,0.6440325613132332
G_subject_fixed_class,baseline_adjusted,S1,S9,6.032923272823247,0.28141167767021485
G_subject_fixed_class,baseline_adjusted,S2,S3,1.2121763978327351,-0.6372989886812302
G_subject_fixed_class,baseline_adjusted,S2,S4,0.43030268260094834,-0.8077368041958686
G_subject_fixed_class,baseline_adjusted,S2,S5,0.19392678484301162,-0.2483719521574794
G_subject_fixed_class,baseline_adjusted,S2,S6,0.1815544547130473,0.7203288678411657
G_subject_fixed_class,baseline_adjusted,S2,S7,0.4667430169214107,-0.6193024916248578
G_subject_fixed_class,baseline_adjusted,S2,S8,1.2071106697631948,-0.711646456202513
G_subject_fixed_class,baseline_adjusted,S2,S9,7.014798838002322,-0.5178492945105434
G_subject_fixed_class,baseline_adjusted,S3,S4,0.8970113988758565,0.92151449903466
G_subject_fixed_class,baseline_adjusted,S3,S5,1.0795083161332226,0.4638688433010933
G_subject_fixed_class,baseline_adjusted,S3,S6,1.2273957771953796,-0.5797367116238972
G_subject_fixed_class,baseline_adjusted,S3,S7,0.8111418362242204,0.910171130662036
G_subject_fixed_class,baseline_adjusted,S3,S8,0.3747290030468404,0.904579412757446
G_subject_fixed_class,baseline_adjusted,S3,S9,6.2063244123041965,0.4365638961318115
G_subject_fixed_class,baseline_adjusted,S4,S5,0.3083498390197788,0.23900552807058764
G_subject_fixed_class,baseline_adjusted,S4,S6,0.5211450861739405,-0.7885886134709418
G_subject_fixed_class,baseline_adjusted,S4,S7,0.1988865176823074,0.8591476031141037
G_subject_fixed_class,baseline_adjusted,S4,S8,0.8766393005442706,0.8894205585237567
G_subject_fixed_class,baseline_adjusted,S4,S9,6.7886419487412395,0.4840828622622279
G_subject_fixed_class,baseline_adjusted,S5,S6,0.2656239979264815,-0.04132085605626206
G_subject_fixed_class,baseline_adjusted,S5,S7,0.3161981421933139,0.5966344693500049
G_subject_fixed_class,baseline_adjusted,S5,S8,1.051955317993657,0.5985426887535077
G_subject_fixed_class,baseline_adjusted,S5,S9,6.869123746111005,0.7050597046884137
G_subject_fixed_class,baseline_adjusted,S6,S7,0.5160704412371188,-0.5047365097306654
G_subject_fixed_class,baseline_adjusted,S6,S8,1.2252853048860377,-0.5927805059837976
G_subject_fixed_class,baseline_adjusted,S6,S9,7.021184362886416,-0.5140281874184993
G_subject_fixed_class,baseline_adjusted,S7,S8,0.758394836969739,0.9895906571635676
G_subject_fixed_class,baseline_adjusted,S7,S9,6.661471883926969,0.6944501025260296
G_subject_fixed_class,baseline_adjusted,S8,S9,6.021627776055732,0.7441182006339891
H_class_fixed_subject,raw,L,R,5.434170703536943,0.43317039946854236
H_class_fixed_subject,raw,L,F,3.865607565656086,0.8740641813402257
H_class_fixed_subject,raw,L,T,6.2055728157649455,-0.026381693835343747
H_class_fixed_subject,raw,R,F,2.6033937168447188,0.29922628991683103
H_class_fixed_subject,raw,R,T,2.3211112871320343,-0.21272753786113804
H_class_fixed_subject,raw,F,T,2.8870269382095364,0.0639570744571663
H_class_fixed_subject,baseline_adjusted,L,R,5.568847119367387,0.2397876846155407
H_class_fixed_subject,baseline_adjusted,L,F,3.822211947491835,0.8631079838781529
H_class_fixed_subject,baseline_adjusted,L,T,5.943492499749115,-0.07232103755007992
H_class_fixed_subject,baseline_adjusted,R,F,2.7732791382090545,0.14477905646052133
H_class_fixed_subject,baseline_adjusted,R,T,2.336912184680049,-0.2686392311462713
H_class_fixed_subject,baseline_adjusted,F,T,2.6581841964502937,-0.0038511232891695014
