subject,outer_fold,selected_rank,delta_forward,delta_reverse,delta_average
1,2,2,1.0297676044282775,2.2276206422358618,1.6286941233320698
2,3,5,-0.39656480832441299,-0.57670607719490319,-0.48663544275965809
3,4,8,-0.38400927563643117,-0.20011732357517092,-0.29206329960580102
4,0,2,0.29700315660048482,0.068497970427040047,0.18275056351376243
5,5,1,-0.14338897195210865,-0.037087623992224872,-0.090238297972166759
6,5,1,1.7563136337546084,0.38161715146354491,1.0689653926090767
7,4,8,0.045444209155804147,0.13306901718999037,0.089256613172897264
8,2,2,0.73036033829577551,0.12974061488771976,0.43005047659174767
9,2,2,-0.02583361496497133,-0.43511112809300212,-0.23047237152898672
10,0,2,-0.020843427115606938,-0.32989236622786849,-0.17536789667173772
11,0,2,0.0076087063415286316,-0.0065538458182793635,0.00052743026162463402
12,3,5,0.071705466991891842,0.16811436748556402,0.11990991723872793
13,3,5,-0.3698661041979745,-0.10679557912299663,-0.23833084166048557
14,2,2,-0.37401175701215805,0.17550602558771883,-0.099252865712219612
15,4,8,-0.12030375036686433,-0.022710813571103626,-0.071507281968983982
16,1,1,0.085171855459039658,-0.058876440176798439,0.01314770764112061
17,2,2,-1.9637460796690944,-2.1626106605718092,-2.0631783701204518
18,0,2,-1.9688760705213313,-1.8804021535161763,-1.9246391120187538
19,2,2,0.1528814348500907,0.82669199719237185,0.48978671602123125
20,3,5,-0.24706352571950968,-0.21556732204364143,-0.23131542388157555
21,3,5,0.38497494709118796,0.54128654075190807,0.46313074392154802
22,4,8,0.040315335704507266,-0.0060925943048831949,0.017111370699812035
23,4,8,-0.47519723565368194,-0.021436424637341689,-0.24831683014551181
24,5,1,0.16839140681610956,0.071865531036412716,0.12012846892626114
25,3,5,0.21832354188968306,-0.011498466116941511,0.10341253788637078
26,4,8,-0.086521658313257629,-0.20494030906857291,-0.14573098369091528
27,5,1,-0.0091900182077597758,1.2404299642964953,0.61561997304436777
28,5,1,0.10720940423863717,0.018825709796161383,0.063017557017399278
29,1,1,-0.70019384370538329,-0.31987094616640366,-0.51003239493589347
30,1,1,0.85366017276115302,0.63550271677303383,0.74458144476709343
31,0,2,0.24136999413245158,0.4505461605011688,0.34595807731681016
32,3,5,0.6709937923784508,0.77880517254544057,0.72489948246194569
33,4,8,0.12146671148248436,0.071108593285475863,0.096287652383980113
34,5,1,-0.10487733306139702,-0.36744820609958229,-0.23616276958048965
35,4,8,0.34841062970052106,0.078842958674866251,0.21362679418769365
36,1,1,-0.26585658953715507,-0.067445499219760174,-0.16665104437845762
37,0,2,-2.4159964751816565,-1.7066953672464433,-2.0613459212140501
38,1,1,0.35154421995112861,0.68887194097682403,0.52020808046397637
39,3,5,0.68206352930516523,0.46556126403820186,0.57381239667168349
40,2,2,0.32902446216819003,1.4929797026575353,0.91100208241286262
41,3,5,0.2143221297455217,0.50270728669630815,0.35851470822091491
42,2,2,-0.58843499857657333,-0.79444862104049352,-0.69144180980853343
43,0,2,-0.11546592964641583,-0.30391170387840361,-0.20968881676240972
44,5,1,0.13644317490484792,1.5409560379500573,0.83869960642745256
45,0,2,1.1514748800462908,2.0788683526785974,1.6151716163624441
46,0,2,-0.04949900845034344,-0.35391199181615823,-0.20170550013325084
47,5,1,-0.15277027617011085,-0.17108820296636984,-0.16192923956824035
48,5,1,0.056128751454051939,0.006137805705928312,0.031133278579990126
49,1,1,-0.050566554915723289,0.0038759163303110356,-0.023345319292706126
50,2,2,0.34808753966266232,-0.049401705097362858,0.14934291728264973
51,1,1,-0.29112655420848416,-0.58719026006393005,-0.43915840713620713
52,1,1,0.89058680994706885,0.62735322907580082,0.75897001951143483
53,4,8,0.13653338373390883,0.15367545183675477,0.14510441778533179
54,1,1,0.2699728992520265,0.52727478985696641,0.39862384455449645
