protocol_version,protocol_sha256,config_sha256,code_commit,phase,session,status,geometry,object,stage,subject,observed,group_observed,null_median,effect,null_percentile,replicates
1.0,ff7143dca8408a73233321fc7219358e48f2336bad0cb63f4e76f8988e77ecce,ca0178be9c5fd168509f48974d2b3e1bbc91b2ba4e8e9e320299fd98dcf765e8,0c9085a7366142fd489e5640b36c75720ff4acbc,discovery,0train,PASS,AIRM,D,S,1,0.9646996154656344,0.9795198721014751,0.9327517239683552,0.03194789149727928,0.998640013599864,100000
1.0,ff7143dca8408a73233321fc7219358e48f2336bad0cb63f4e76f8988e77ecce,ca0178be9c5fd168509f48974d2b3e1bbc91b2ba4e8e9e320299fd98dcf765e8,0c9085a7366142fd489e5640b36c75720ff4acbc,discovery,0train,PASS,AIRM,D,S,2,0.9383903693495439,0.9795198721014751,0.963512572155708,-0.025122202806164062,0.004219957800421996,100000
1.0,ff7143dca8408a73233321fc7219358e48f2336bad0cb63f4e76f8988e77ecce,ca0178be9c5fd168509f48974d2b3e1bbc91b2ba4e8e9e320299fd98dcf765e8,0c9085a7366142fd489e5640b36c75720ff4acbc,discovery,0train,PASS,AIRM,D,S,3,0.9914799054941912,0.9795198721014751,0.9738295076887941,0.017650397805397122,0.992670073299267,100000
1.0,ff7143dca8408a73233321fc7219358e48f2336bad0cb63f4e76f8988e77ecce,ca0178be9c5fd168509f48974d2b3e1bbc91b2ba4e8e9e320299fd98dcf765e8,0c9085a7366142fd489e5640b36c75720ff4acbc,discovery,0train,PASS,AIRM,D,S,4,0.9854587542791757,0.9795198721014751,0.9802577909430293,0.005200963336146391,0.7880221197788022,100000
1.0,ff7143dca8408a73233321fc7219358e48f2336bad0cb63f4e76f8988e77ecce,ca0178be9c5fd168509f48974d2b3e1bbc91b2ba4e8e9e320299fd98dcf765e8,0c9085a7366142fd489e5640b36c75720ff4acbc,discovery,0train,PASS,AIRM,D,S,5,0.9928715601203794,0.9795198721014751,0.9846747088907969,0.00819685122958247,0.963810361896381,100000
1.0,ff7143dca8408a73233321fc7219358e48f2336bad0cb63f4e76f8988e77ecce,ca0178be9c5fd168509f48974d2b3e1bbc91b2ba4e8e9e320299fd98dcf765e8,0c9085a7366142fd489e5640b36c75720ff4acbc,discovery,0train,PASS,AIRM,D,S,6,0.9795198721014751,0.9795198721014751,0.9795594166885597,-3.954458708466113e-05,0.4979750202497975,100000
1.0,ff7143dca8408a73233321fc7219358e48f2336bad0cb63f4e76f8988e77ecce,ca0178be9c5fd168509f48974d2b3e1bbc91b2ba4e8e9e320299fd98dcf765e8,0c9085a7366142fd489e5640b36c75720ff4acbc,discovery,0train,PASS,AIRM,D,S,7,0.989490867176662,0.9795198721014751,0.9530023853199161,0.036488481856745913,0.999990000099999,100000
1.0,ff7143dca8408a73233321fc7219358e48f2336bad0cb63f4e76f8988e77ecce,ca0178be9c5fd168509f48974d2b3e1bbc91b2ba4e8e9e320299fd98dcf765e8,0c9085a7366142fd489e5640b36c75720ff4acbc,discovery,0train,PASS,AIRM,D,S,8,0.9557482277326371,0.9795198721014751,0.9456721634951355,0.010076064237501625,0.8013619863801362,100000
1.0,ff7143dca8408a73233321fc7219358e48f2336bad0cb63f4e76f8988e77ecce,ca0178be9c5fd168509f48974d2b3e1bbc91b2ba4e8e9e320299fd98dcf765e8,0c9085a7366142fd489e5640b36c75720ff4acbc,discovery,0train,PASS,AIRM,D,S,9,0.970699885865073,0.9795198721014751,0.9421420255183625,0.028557860346710595,0.995470045299547,100000
1.0,ff7143dca8408a73233321fc7219358e48f2336bad0cb63f4e76f8988e77ecce,ca0178be9c5fd168509f48974d2b3e1bbc91b2ba4e8e9e320299fd98dcf765e8,0c9085a7366142fd489e5640b36c75720ff4acbc,discovery,0train,PASS,AIRM,G,S,1,0.8496181133895795,0.8734748135498402,0.6255983585353032,0.22401975485427628,0.998950010499895,100000
1.0,ff7143dca8408a73233321fc7219358e48f2336bad0cb63f4e76f8988e77ecce,ca0178be9c5fd168509f48974d2b3e1bbc91b2ba4e8e9e320299fd98dcf765e8,0c9085a7366142fd489e5640b36c75720ff4acbc,discovery,0train,PASS,AIRM,G,S,2,0.6384486693576397,0.8734748135498402,0.7904968665174859,-0.1520481971598462,0.0034299657003429964,100000
1.0,ff7143dca8408a73233321fc7219358e48f2336bad0cb63f4e76f8988e77ecce,ca0178be9c5fd168509f48974d2b3e1bbc91b2ba4e8e9e320299fd98dcf765e8,0c9085a7366142fd489e5640b36c75720ff4acbc,discovery,0train,PASS,AIRM,G,S,3,0.9561207584011466,0.8734748135498402,0.7879713539659998,0.1681494044351468,0.999090009099909,100000
1.0,ff7143dca8408a73233321fc7219358e48f2336bad0cb63f4e76f8988e77ecce,ca0178be9c5fd168509f48974d2b3e1bbc91b2ba4e8e9e320299fd98dcf765e8,0c9085a7366142fd489e5640b36c75720ff4acbc,discovery,0train,PASS,AIRM,G,S,4,0.922909927229932,0.8734748135498402,0.8407895005763313,0.08212042665360075,0.953270467295327,100000
1.0,ff7143dca8408a73233321fc7219358e48f2336bad0cb63f4e76f8988e77ecce,ca0178be9c5fd168509f48974d2b3e1bbc91b2ba4e8e9e320299fd98dcf765e8,0c9085a7366142fd489e5640b36c75720ff4acbc,discovery,0train,PASS,AIRM,G,S,5,0.9529853533680025,0.8734748135498402,0.8703447021123616,0.0826406512556409,0.989170108298917,100000
1.0,ff7143dca8408a73233321fc7219358e48f2336bad0cb63f4e76f8988e77ecce,ca0178be9c5fd168509f48974d2b3e1bbc91b2ba4e8e9e320299fd98dcf765e8,0c9085a7366142fd489e5640b36c75720ff4acbc,discovery,0train,PASS,AIRM,G,S,6,0.8681364567169643,0.8734748135498402,0.8142067121269402,0.05392974459002409,0.8040419595804041,100000
1.0,ff7143dca8408a73233321fc7219358e48f2336bad0cb63f4e76f8988e77ecce,ca0178be9c5fd168509f48974d2b3e1bbc91b2ba4e8e9e320299fd98dcf765e8,0c9085a7366142fd489e5640b36c75720ff4acbc,discovery,0train,PASS,AIRM,G,S,7,0.9442500839406327,0.8734748135498402,0.690645208969981,0.25360487497065165,0.999980000199998,100000
1.0,ff7143dca8408a73233321fc7219358e48f2336bad0cb63f4e76f8988e77ecce,ca0178be9c5fd168509f48974d2b3e1bbc91b2ba4e8e9e320299fd98dcf765e8,0c9085a7366142fd489e5640b36c75720ff4acbc,discovery,0train,PASS,AIRM,G,S,8,0.7715927673154668,0.8734748135498402,0.7371500965697104,0.034442670745756354,0.7043129568704313,100000
1.0,ff7143dca8408a73233321fc7219358e48f2336bad0cb63f4e76f8988e77ecce,ca0178be9c5fd168509f48974d2b3e1bbc91b2ba4e8e9e320299fd98dcf765e8,0c9085a7366142fd489e5640b36c75720ff4acbc,discovery,0train,PASS,AIRM,G,S,9,0.8734748135498402,0.8734748135498402,0.6885508298467781,0.18492398370306218,0.998540014599854,100000
1.0,ff7143dca8408a73233321fc7219358e48f2336bad0cb63f4e76f8988e77ecce,ca0178be9c5fd168509f48974d2b3e1bbc91b2ba4e8e9e320299fd98dcf765e8,0c9085a7366142fd489e5640b36c75720ff4acbc,discovery,0train,PASS,LE,D,S,1,0.9631961779225127,0.9783393448967027,0.9277465241326518,0.03544965378986087,0.998570014299857,100000
1.0,ff7143dca8408a73233321fc7219358e48f2336bad0cb63f4e76f8988e77ecce,ca0178be9c5fd168509f48974d2b3e1bbc91b2ba4e8e9e320299fd98dcf765e8,0c9085a7366142fd489e5640b36c75720ff4acbc,discovery,0train,PASS,LE,D,S,2,0.9260476363832975,0.9783393448967027,0.9568391612274427,-0.030791524844145268,0.002049979500204998,100000
1.0,ff7143dca8408a73233321fc7219358e48f2336bad0cb63f4e76f8988e77ecce,ca0178be9c5fd168509f48974d2b3e1bbc91b2ba4e8e9e320299fd98dcf765e8,0c9085a7366142fd489e5640b36c75720ff4acbc,discovery,0train,PASS,LE,D,S,3,0.9917876543755071,0.9783393448967027,0.9677661037267091,0.024021550648797962,0.998470015299847,100000
1.0,ff7143dca8408a73233321fc7219358e48f2336bad0cb63f4e76f8988e77ecce,ca0178be9c5fd168509f48974d2b3e1bbc91b2ba4e8e9e320299fd98dcf765e8,0c9085a7366142fd489e5640b36c75720ff4acbc,discovery,0train,PASS,LE,D,S,4,0.9805590324448367,0.9783393448967027,0.975525303151026,0.005033729293810629,0.7396226037739623,100000
1.0,ff7143dca8408a73233321fc7219358e48f2336bad0cb63f4e76f8988e77ecce,ca0178be9c5fd168509f48974d2b3e1bbc91b2ba4e8e9e320299fd98dcf765e8,0c9085a7366142fd489e5640b36c75720ff4acbc,discovery,0train,PASS,LE,D,S,5,0.9903500594366861,0.9783393448967027,0.9835719794509761,0.006778079985710006,0.901240987590124,100000
1.0,ff7143dca8408a73233321fc7219358e48f2336bad0cb63f4e76f8988e77ecce,ca0178be9c5fd168509f48974d2b3e1bbc91b2ba4e8e9e320299fd98dcf765e8,0c9085a7366142fd489e5640b36c75720ff4acbc,discovery,0train,PASS,LE,D,S,6,0.9783393448967027,0.9783393448967027,0.9759325894494457,0.002406755447256992,0.6113538864611354,100000
1.0,ff7143dca8408a73233321fc7219358e48f2336bad0cb63f4e76f8988e77ecce,ca0178be9c5fd168509f48974d2b3e1bbc91b2ba4e8e9e320299fd98dcf765e8,0c9085a7366142fd489e5640b36c75720ff4acbc,discovery,0train,PASS,LE,D,S,7,0.9888075721710021,0.9783393448967027,0.9474581309021559,0.04134944126884621,0.999990000099999,100000
1.0,ff7143dca8408a73233321fc7219358e48f2336bad0cb63f4e76f8988e77ecce,ca0178be9c5fd168509f48974d2b3e1bbc91b2ba4e8e9e320299fd98dcf765e8,0c9085a7366142fd489e5640b36c75720ff4acbc,discovery,0train,PASS,LE,D,S,8,0.949972566156052,0.9783393448967027,0.9366169641585648,0.013355601997487199,0.8297117028829711,100000
1.0,ff7143dca8408a73233321fc7219358e48f2336bad0cb63f4e76f8988e77ecce,ca0178be9c5fd168509f48974d2b3e1bbc91b2ba4e8e9e320299fd98dcf765e8,0c9085a7366142fd489e5640b36c75720ff4acbc,discovery,0train,PASS,LE,D,S,9,0.9653136021337984,0.9783393448967027,0.931608674788051,0.03370492734574737,0.994950050499495,100000
1.0,ff7143dca8408a73233321fc7219358e48f2336bad0cb63f4e76f8988e77ecce,ca0178be9c5fd168509f48974d2b3e1bbc91b2ba4e8e9e320299fd98dcf765e8,0c9085a7366142fd489e5640b36c75720ff4acbc,discovery,0train,PASS,LE,G,S,1,0.8517294968809241,0.8668751835741577,0.6136988175367026,0.2380306793442215,0.998910010899891,100000
1.0,ff7143dca8408a73233321fc7219358e48f2336bad0cb63f4e76f8988e77ecce,ca0178be9c5fd168509f48974d2b3e1bbc91b2ba4e8e9e320299fd98dcf765e8,0c9085a7366142fd489e5640b36c75720ff4acbc,discovery,0train,PASS,LE,G,S,2,0.5874831873993778,0.8668751835741577,0.7638153409330777,-0.1763321535336999,0.0015999840001599984,100000
1.0,ff7143dca8408a73233321fc7219358e48f2336bad0cb63f4e76f8988e77ecce,ca0178be9c5fd168509f48974d2b3e1bbc91b2ba4e8e9e320299fd98dcf765e8,0c9085a7366142fd489e5640b36c75720ff4acbc,discovery,0train,PASS,LE,G,S,3,0.9567564873794427,0.8668751835741577,0.7510666623906304,0.2056898249888124,0.999740002599974,100000
1.0,ff7143dca8408a73233321fc7219358e48f2336bad0cb63f4e76f8988e77ecce,ca0178be9c5fd168509f48974d2b3e1bbc91b2ba4e8e9e320299fd98dcf765e8,0c9085a7366142fd489e5640b36c75720ff4acbc,discovery,0train,PASS,LE,G,S,4,0.9073807583688759,0.8668751835741577,0.8194406665985734,0.08794009177030249,0.9431105688943111,100000
1.0,ff7143dca8408a73233321fc7219358e48f2336bad0cb63f4e76f8988e77ecce,ca0178be9c5fd168509f48974d2b3e1bbc91b2ba4e8e9e320299fd98dcf765e8,0c9085a7366142fd489e5640b36c75720ff4acbc,discovery,0train,PASS,LE,G,S,5,0.9378280525257876,0.8668751835741577,0.8636296831214909,0.0741983694042967,0.9662003379966201,100000
1.0,ff7143dca8408a73233321fc7219358e48f2336bad0cb63f4e76f8988e77ecce,ca0178be9c5fd168509f48974d2b3e1bbc91b2ba4e8e9e320299fd98dcf765e8,0c9085a7366142fd489e5640b36c75720ff4acbc,discovery,0train,PASS,LE,G,S,6,0.8668751835741577,0.8668751835741577,0.7903063254019059,0.07656885817225179,0.8651613483865161,100000
1.0,ff7143dca8408a73233321fc7219358e48f2336bad0cb63f4e76f8988e77ecce,ca0178be9c5fd168509f48974d2b3e1bbc91b2ba4e8e9e320299fd98dcf765e8,0c9085a7366142fd489e5640b36c75720ff4acbc,discovery,0train,PASS,LE,G,S,7,0.9435834638071772,0.8668751835741577,0.671905289683127,0.27167817412405015,0.999980000199998,100000
1.0,ff7143dca8408a73233321fc7219358e48f2336bad0cb63f4e76f8988e77ecce,ca0178be9c5fd168509f48974d2b3e1bbc91b2ba4e8e9e320299fd98dcf765e8,0c9085a7366142fd489e5640b36c75720ff4acbc,discovery,0train,PASS,LE,G,S,8,0.7640078402687769,0.8668751835741577,0.7138746394427682,0.050133200826008695,0.7603323966760333,100000
1.0,ff7143dca8408a73233321fc7219358e48f2336bad0cb63f4e76f8988e77ecce,ca0178be9c5fd168509f48974d2b3e1bbc91b2ba4e8e9e320299fd98dcf765e8,0c9085a7366142fd489e5640b36c75720ff4acbc,discovery,0train,PASS,LE,G,S,9,0.8624527464159228,0.8668751835741577,0.6608362774094819,0.20161646900644092,0.998020019799802,100000
1.0,ff7143dca8408a73233321fc7219358e48f2336bad0cb63f4e76f8988e77ecce,ca0178be9c5fd168509f48974d2b3e1bbc91b2ba4e8e9e320299fd98dcf765e8,0c9085a7366142fd489e5640b36c75720ff4acbc,confirmatory,1test,PASS,AIRM,D,S,1,0.956042304155765,0.9679464229942034,0.9278455236569652,0.02819678049879981,0.986810131898681,100000
1.0,ff7143dca8408a73233321fc7219358e48f2336bad0cb63f4e76f8988e77ecce,ca0178be9c5fd168509f48974d2b3e1bbc91b2ba4e8e9e320299fd98dcf765e8,0c9085a7366142fd489e5640b36c75720ff4acbc,confirmatory,1test,PASS,AIRM,D,S,2,0.9665907896428715,0.9679464229942034,0.9789487623815296,-0.01235797273865813,0.07636923630763692,100000
1.0,ff7143dca8408a73233321fc7219358e48f2336bad0cb63f4e76f8988e77ecce,ca0178be9c5fd168509f48974d2b3e1bbc91b2ba4e8e9e320299fd98dcf765e8,0c9085a7366142fd489e5640b36c75720ff4acbc,confirmatory,1test,PASS,AIRM,D,S,3,0.988296578177734,0.9679464229942034,0.9675374425692727,0.02075913560846132,0.986460135398646,100000
1.0,ff7143dca8408a73233321fc7219358e48f2336bad0cb63f4e76f8988e77ecce,ca0178be9c5fd168509f48974d2b3e1bbc91b2ba4e8e9e320299fd98dcf765e8,0c9085a7366142fd489e5640b36c75720ff4acbc,confirmatory,1test,PASS,AIRM,D,S,4,0.9679464229942034,0.9679464229942034,0.9382014112712169,0.029745011722986492,0.9768602313976861,100000
1.0,ff7143dca8408a73233321fc7219358e48f2336bad0cb63f4e76f8988e77ecce,ca0178be9c5fd168509f48974d2b3e1bbc91b2ba4e8e9e320299fd98dcf765e8,0c9085a7366142fd489e5640b36c75720ff4acbc,confirmatory,1test,PASS,AIRM,D,S,5,0.9922719646590601,0.9679464229942034,0.9842396755038155,0.008032289155244565,0.8939110608893911,100000
1.0,ff7143dca8408a73233321fc7219358e48f2336bad0cb63f4e76f8988e77ecce,ca0178be9c5fd168509f48974d2b3e1bbc91b2ba4e8e9e320299fd98dcf765e8,0c9085a7366142fd489e5640b36c75720ff4acbc,confirmatory,1test,PASS,AIRM,D,S,6,0.9576635158801632,0.9679464229942034,0.9733515016965135,-0.015687985816350336,0.06260937390626094,100000
1.0,ff7143dca8408a73233321fc7219358e48f2336bad0cb63f4e76f8988e77ecce,ca0178be9c5fd168509f48974d2b3e1bbc91b2ba4e8e9e320299fd98dcf765e8,0c9085a7366142fd489e5640b36c75720ff4acbc,confirmatory,1test,PASS,AIRM,D,S,7,0.9953462486365388,0.9679464229942034,0.96379673215875,0.03154951647778881,1.0,100000
1.0,ff7143dca8408a73233321fc7219358e48f2336bad0cb63f4e76f8988e77ecce,ca0178be9c5fd168509f48974d2b3e1bbc91b2ba4e8e9e320299fd98dcf765e8,0c9085a7366142fd489e5640b36c75720ff4acbc,confirmatory,1test,PASS,AIRM,D,S,8,0.970391685334772,0.9679464229942034,0.9632215022838597,0.0071701830509123266,0.7425425745742542,100000
1.0,ff7143dca8408a73233321fc7219358e48f2336bad0cb63f4e76f8988e77ecce,ca0178be9c5fd168509f48974d2b3e1bbc91b2ba4e8e9e320299fd98dcf765e8,0c9085a7366142fd489e5640b36c75720ff4acbc,confirmatory,1test,PASS,AIRM,D,S,9,0.9589495536980907,0.9679464229942034,0.9413626721646453,0.017586881533445342,0.9057009429905701,100000
1.0,ff7143dca8408a73233321fc7219358e48f2336bad0cb63f4e76f8988e77ecce,ca0178be9c5fd168509f48974d2b3e1bbc91b2ba4e8e9e320299fd98dcf765e8,0c9085a7366142fd489e5640b36c75720ff4acbc,confirmatory,1test,PASS,AIRM,G,S,1,0.8539307749567935,0.8539307749567935,0.6443611130635075,0.20956966189328596,0.994120058799412,100000
1.0,ff7143dca8408a73233321fc7219358e48f2336bad0cb63f4e76f8988e77ecce,ca0178be9c5fd168509f48974d2b3e1bbc91b2ba4e8e9e320299fd98dcf765e8,0c9085a7366142fd489e5640b36c75720ff4acbc,confirmatory,1test,PASS,AIRM,G,S,2,0.7686541997584051,0.8539307749567935,0.8556759948355099,-0.08702179507710484,0.06773932260677393,100000
1.0,ff7143dca8408a73233321fc7219358e48f2336bad0cb63f4e76f8988e77ecce,ca0178be9c5fd168509f48974d2b3e1bbc91b2ba4e8e9e320299fd98dcf765e8,0c9085a7366142fd489e5640b36c75720ff4acbc,confirmatory,1test,PASS,AIRM,G,S,3,0.9349501273085833,0.8539307749567935,0.7464370165613596,0.18851311074722366,0.99640003599964,100000
1.0,ff7143dca8408a73233321fc7219358e48f2336bad0cb63f4e76f8988e77ecce,ca0178be9c5fd168509f48974d2b3e1bbc91b2ba4e8e9e320299fd98dcf765e8,0c9085a7366142fd489e5640b36c75720ff4acbc,confirmatory,1test,PASS,AIRM,G,S,4,0.862838594688805,0.8539307749567935,0.643284888234691,0.21955370645411398,0.988230117698823,100000
1.0,ff7143dca8408a73233321fc7219358e48f2336bad0cb63f4e76f8988e77ecce,ca0178be9c5fd168509f48974d2b3e1bbc91b2ba4e8e9e320299fd98dcf765e8,0c9085a7366142fd489e5640b36c75720ff4acbc,confirmatory,1test,PASS,AIRM,G,S,5,0.9297552115745108,0.8539307749567935,0.8794830828332922,0.05027212874121856,0.8576214237857621,100000
1.0,ff7143dca8408a73233321fc7219358e48f2336bad0cb63f4e76f8988e77ecce,ca0178be9c5fd168509f48974d2b3e1bbc91b2ba4e8e9e320299fd98dcf765e8,0c9085a7366142fd489e5640b36c75720ff4acbc,confirmatory,1test,PASS,AIRM,G,S,6,0.7283172721063047,0.8539307749567935,0.8081205246309282,-0.0798032525246235,0.11899881001189988,100000
1.0,ff7143dca8408a73233321fc7219358e48f2336bad0cb63f4e76f8988e77ecce,ca0178be9c5fd168509f48974d2b3e1bbc91b2ba4e8e9e320299fd98dcf765e8,0c9085a7366142fd489e5640b36c75720ff4acbc,confirmatory,1test,PASS,AIRM,G,S,7,0.9728670323527118,0.8539307749567935,0.742365180325183,0.23050185202752882,0.999990000099999,100000
1.0,ff7143dca8408a73233321fc7219358e48f2336bad0cb63f4e76f8988e77ecce,ca0178be9c5fd168509f48974d2b3e1bbc91b2ba4e8e9e320299fd98dcf765e8,0c9085a7366142fd489e5640b36c75720ff4acbc,confirmatory,1test,PASS,AIRM,G,S,8,0.8278400844106028,0.8539307749567935,0.7690572150416465,0.05878286936895627,0.7943520564794352,100000
1.0,ff7143dca8408a73233321fc7219358e48f2336bad0cb63f4e76f8988e77ecce,ca0178be9c5fd168509f48974d2b3e1bbc91b2ba4e8e9e320299fd98dcf765e8,0c9085a7366142fd489e5640b36c75720ff4acbc,confirmatory,1test,PASS,AIRM,G,S,9,0.8291907835284866,0.8539307749567935,0.668720242778478,0.16047054075000866,0.980660193398066,100000
1.0,ff7143dca8408a73233321fc7219358e48f2336bad0cb63f4e76f8988e77ecce,ca0178be9c5fd168509f48974d2b3e1bbc91b2ba4e8e9e320299fd98dcf765e8,0c9085a7366142fd489e5640b36c75720ff4acbc,confirmatory,1test,PASS,LE,D,S,1,0.9541809005565516,0.962312038621508,0.9220206415981611,0.032160258958390475,0.9893301066989331,100000
1.0,ff7143dca8408a73233321fc7219358e48f2336bad0cb63f4e76f8988e77ecce,ca0178be9c5fd168509f48974d2b3e1bbc91b2ba4e8e9e320299fd98dcf765e8,0c9085a7366142fd489e5640b36c75720ff4acbc,confirmatory,1test,PASS,LE,D,S,2,0.962312038621508,0.962312038621508,0.9753183477542346,-0.013006309132726601,0.09060909390906091,100000
1.0,ff7143dca8408a73233321fc7219358e48f2336bad0cb63f4e76f8988e77ecce,ca0178be9c5fd168509f48974d2b3e1bbc91b2ba4e8e9e320299fd98dcf765e8,0c9085a7366142fd489e5640b36c75720ff4acbc,confirmatory,1test,PASS,LE,D,S,3,0.9882823806668359,0.962312038621508,0.9619678070655275,0.0263145736013084,0.994310056899431,100000
1.0,ff7143dca8408a73233321fc7219358e48f2336bad0cb63f4e76f8988e77ecce,ca0178be9c5fd168509f48974d2b3e1bbc91b2ba4e8e9e320299fd98dcf765e8,0c9085a7366142fd489e5640b36c75720ff4acbc,confirmatory,1test,PASS,LE,D,S,4,0.9617583646468107,0.962312038621508,0.9281165661696174,0.033641798477193396,0.976530234697653,100000
1.0,ff7143dca8408a73233321fc7219358e48f2336bad0cb63f4e76f8988e77ecce,ca0178be9c5fd168509f48974d2b3e1bbc91b2ba4e8e9e320299fd98dcf765e8,0c9085a7366142fd489e5640b36c75720ff4acbc,confirmatory,1test,PASS,LE,D,S,5,0.9906328414290608,0.962312038621508,0.9826619295558341,0.007970911873226738,0.8586114138858612,100000
1.0,ff7143dca8408a73233321fc7219358e48f2336bad0cb63f4e76f8988e77ecce,ca0178be9c5fd168509f48974d2b3e1bbc91b2ba4e8e9e320299fd98dcf765e8,0c9085a7366142fd489e5640b36c75720ff4acbc,confirmatory,1test,PASS,LE,D,S,6,0.9491264833279414,0.962312038621508,0.9659061170065726,-0.016779633678631223,0.09020909790902092,100000
1.0,ff7143dca8408a73233321fc7219358e48f2336bad0cb63f4e76f8988e77ecce,ca0178be9c5fd168509f48974d2b3e1bbc91b2ba4e8e9e320299fd98dcf765e8,0c9085a7366142fd489e5640b36c75720ff4acbc,confirmatory,1test,PASS,LE,D,S,7,0.9926340310518852,0.962312038621508,0.9544339464082185,0.03820008464366664,0.999960000399996,100000
1.0,ff7143dca8408a73233321fc7219358e48f2336bad0cb63f4e76f8988e77ecce,ca0178be9c5fd168509f48974d2b3e1bbc91b2ba4e8e9e320299fd98dcf765e8,0c9085a7366142fd489e5640b36c75720ff4acbc,confirmatory,1test,PASS,LE,D,S,8,0.9648883610000265,0.962312038621508,0.9561983171883975,0.008690043811628967,0.7478725212747872,100000
1.0,ff7143dca8408a73233321fc7219358e48f2336bad0cb63f4e76f8988e77ecce,ca0178be9c5fd168509f48974d2b3e1bbc91b2ba4e8e9e320299fd98dcf765e8,0c9085a7366142fd489e5640b36c75720ff4acbc,confirmatory,1test,PASS,LE,D,S,9,0.9516602822306918,0.962312038621508,0.929735680828302,0.02192460140238972,0.9181908180918191,100000
1.0,ff7143dca8408a73233321fc7219358e48f2336bad0cb63f4e76f8988e77ecce,ca0178be9c5fd168509f48974d2b3e1bbc91b2ba4e8e9e320299fd98dcf765e8,0c9085a7366142fd489e5640b36c75720ff4acbc,confirmatory,1test,PASS,LE,G,S,1,0.8530876461214919,0.8530876461214919,0.6276938652460858,0.22539378087540607,0.99450005499945,100000
1.0,ff7143dca8408a73233321fc7219358e48f2336bad0cb63f4e76f8988e77ecce,ca0178be9c5fd168509f48974d2b3e1bbc91b2ba4e8e9e320299fd98dcf765e8,0c9085a7366142fd489e5640b36c75720ff4acbc,confirmatory,1test,PASS,LE,G,S,2,0.7467256391929504,0.8530876461214919,0.8306774090789619,-0.0839517698860115,0.0944090559094409,100000
1.0,ff7143dca8408a73233321fc7219358e48f2336bad0cb63f4e76f8988e77ecce,ca0178be9c5fd168509f48974d2b3e1bbc91b2ba4e8e9e320299fd98dcf765e8,0c9085a7366142fd489e5640b36c75720ff4acbc,confirmatory,1test,PASS,LE,G,S,3,0.9344812367918727,0.8530876461214919,0.7176350677926052,0.21684616899926745,0.998120018799812,100000
1.0,ff7143dca8408a73233321fc7219358e48f2336bad0cb63f4e76f8988e77ecce,ca0178be9c5fd168509f48974d2b3e1bbc91b2ba4e8e9e320299fd98dcf765e8,0c9085a7366142fd489e5640b36c75720ff4acbc,confirmatory,1test,PASS,LE,G,S,4,0.8531616017962591,0.8530876461214919,0.6213205586127539,0.23184104318350518,0.987150128498715,100000
1.0,ff7143dca8408a73233321fc7219358e48f2336bad0cb63f4e76f8988e77ecce,ca0178be9c5fd168509f48974d2b3e1bbc91b2ba4e8e9e320299fd98dcf765e8,0c9085a7366142fd489e5640b36c75720ff4acbc,confirmatory,1test,PASS,LE,G,S,5,0.9179559100059441,0.8530876461214919,0.8710499376978142,0.04690597230812987,0.8162218377816222,100000
1.0,ff7143dca8408a73233321fc7219358e48f2336bad0cb63f4e76f8988e77ecce,ca0178be9c5fd168509f48974d2b3e1bbc91b2ba4e8e9e320299fd98dcf765e8,0c9085a7366142fd489e5640b36c75720ff4acbc,confirmatory,1test,PASS,LE,G,S,6,0.6944469343493549,0.8530876461214919,0.7690523641470823,-0.07460542979772744,0.17012829871701282,100000
1.0,ff7143dca8408a73233321fc7219358e48f2336bad0cb63f4e76f8988e77ecce,ca0178be9c5fd168509f48974d2b3e1bbc91b2ba4e8e9e320299fd98dcf765e8,0c9085a7366142fd489e5640b36c75720ff4acbc,confirmatory,1test,PASS,LE,G,S,7,0.9640486418663088,0.8530876461214919,0.7107180531269492,0.25333058873935954,0.999960000399996,100000
1.0,ff7143dca8408a73233321fc7219358e48f2336bad0cb63f4e76f8988e77ecce,ca0178be9c5fd168509f48974d2b3e1bbc91b2ba4e8e9e320299fd98dcf765e8,0c9085a7366142fd489e5640b36c75720ff4acbc,confirmatory,1test,PASS,LE,G,S,8,0.8110399892914744,0.8530876461214919,0.741255420887274,0.06978456840420033,0.8091219087809122,100000
1.0,ff7143dca8408a73233321fc7219358e48f2336bad0cb63f4e76f8988e77ecce,ca0178be9c5fd168509f48974d2b3e1bbc91b2ba4e8e9e320299fd98dcf765e8,0c9085a7366142fd489e5640b36c75720ff4acbc,confirmatory,1test,PASS,LE,G,S,9,0.8182812172203701,0.8530876461214919,0.6364954250535615,0.18178579216680857,0.983140168598314,100000
