budget,subject,session,proposed_mae,direct_mae,improvement,proposed_beta_sign_accuracy,semantic_sign_accuracy
2,1,0,0.25892395435268123,0.25647518242961298,-0.0024487719230682492,0.79500000000000004,0.79500000000000004
2,1,1,0.10424166666499209,0.19742145857567003,0.093179791910677948,0.89000000000000001,0.89000000000000001
2,2,0,0.21237739707444889,0.10105338043005291,-0.11132401664439598,0,0.95999999999999996
2,2,1,0.22161172851434416,0.1559388993548545,-0.06567282915948966,0,0.89000000000000001
2,3,0,0.078556062579458741,0.20947152647875789,0.13091546389929914,0.95499999999999996,0.95499999999999996
2,3,1,0.088072161934556303,0.2310838607874928,0.14301169885293649,0.97999999999999998,0.97999999999999998
2,4,0,0.11020606216823189,0.1607781867313664,0.050572124563134507,1,0.76000000000000001
2,4,1,0.044691609222871499,0.077773211552929794,0.033081602330058295,1,0.60999999999999999
2,5,0,0.090845919954002319,0.14849888668340713,0.057652966729404814,0.96499999999999997,0.96499999999999997
2,5,1,0.060745832756982247,0.17738909279684958,0.11664326003986733,0.93000000000000005,0.93000000000000005
2,6,0,0.068556829798109925,0.17028835902959749,0.10173152923148757,1,0.54000000000000004
2,6,1,0.1292765815257276,0.16943293162989539,0.040156350104167793,1,0.69999999999999996
2,7,0,0.41420579409031538,0.27592382631092138,-0.138281967779394,0.48499999999999999,0.51500000000000001
2,7,1,0.51816157219639036,0.35140080711891464,-0.16676076507747573,0.32500000000000001,0.67500000000000004
2,8,0,0.25868521450248688,0.24698429132387911,-0.011700923178607769,0.32000000000000001,0.68000000000000005
2,8,1,0.28497977805042146,0.23743763622392777,-0.047542141826493689,0.28499999999999998,0.71499999999999997
2,9,0,0.082655598370290059,0.17391220865051804,0.091256610280227982,0,0.91000000000000003
2,9,1,0.1936061017932704,0.15796473800031186,-0.035641363792958541,1,0.84499999999999997
2,10,0,0.16840789577774345,0.2408899608478948,0.072482065070151341,1,0.69999999999999996
2,10,1,0.080714461311743826,0.1401182418627758,0.059403780551031973,1,0.62
2,11,0,0.014166066667153421,0.12867551322874221,0.11450944656158879,1,0.52000000000000002
2,11,1,0.019099498229275896,0.11838139201522074,0.099281893785944847,1,0.57499999999999996
2,12,0,0.10051375304635669,0.13063197621372546,0.030118223167368771,1,0.78500000000000003
2,12,1,0.12642319465343665,0.16522509745879529,0.03880190280535864,1,0.70499999999999996
2,13,0,0.090445683259613927,0.14811690964801952,0.057671226388405591,1,0.69499999999999995
2,13,1,0.05159202391631857,0.17066766680292131,0.11907564288660274,1,0.53000000000000003
2,14,0,0.094748763864659011,0.12511631436718335,0.030367550502524335,1,0.69999999999999996
2,14,1,0.14039154689867531,0.18893033045075902,0.048538783552083714,1,0.72999999999999998
2,15,0,0.060506677080904743,0.1354705141957411,0.074963837114836368,1,0.60999999999999999
2,15,1,0.044430986805988691,0.16179956285963137,0.11736857605364268,1,0.59999999999999998
2,16,0,0.37025045937752876,0.27419419943665302,-0.096056259940875743,0.36499999999999999,0.63500000000000001
2,16,1,0.0010282315821628918,0.1523869099269245,0.1513586783447616,1,0.45000000000000001
2,17,0,0.19193474794914905,0.11336950666457177,-0.078565241284577286,1,0.90500000000000003
2,17,1,0.11871708300065935,0.17363882429818303,0.054921741297523682,1,0.83999999999999997
2,18,0,0.11473425043485236,0.22995108673813136,0.115216836303279,0.97499999999999998,0.97499999999999998
2,18,1,0.094983424784929327,0.16976917303244407,0.074785748247514744,0.95999999999999996,0.95999999999999996
2,19,0,0.11062168379541525,0.21157345156899382,0.10095176777357857,0.91000000000000003,0.91000000000000003
2,19,1,0.098497504554592719,0.1870811766710542,0.088583672116461482,0.83999999999999997,0.83999999999999997
2,20,0,0.11027746291446736,0.12687397639171538,0.016596513477248026,1,0.745
2,20,1,0.14289589734316221,0.13397986671581325,-0.0089160306273489698,1,0.82499999999999996
2,21,0,0.043471191257697085,0.18654435797610877,0.14307316671841169,0.96999999999999997,0.96999999999999997
2,21,1,0.016862160816618593,0.19391905218655098,0.17705689136993238,0.995,0.995
2,22,0,0.12929235575578002,0.21469855653630027,0.085406200780520247,0.78500000000000003,0.78500000000000003
2,22,1,0.12422000802000593,0.15087261307760752,0.026652605057601586,1,0.755
2,23,0,0.073334287600170148,0.16415971882418096,0.090825431224010808,0.97499999999999998,0.97499999999999998
2,23,1,0.095056657632015526,0.19197509425268411,0.096918436620668583,0.91000000000000003,0.91000000000000003
2,24,0,0.072977419319176229,0.13768825812555771,0.064710838806381482,1,0.63500000000000001
2,24,1,0.055102708734562904,0.14038555478680631,0.0852828460522434,1,0.62
2,25,0,0.16562634583649141,0.22862377968990266,0.06299743385341125,1,0.61499999999999999
2,25,1,0.022886945002749459,0.1727531317624004,0.14986618675965094,1,0.52000000000000002
2,26,0,0.029277079520287633,0.15441667685699489,0.12513959733670726,1,0.60999999999999999
2,26,1,0.16084599830863994,0.18453455626959162,0.023688557960951678,1,0.65500000000000003
2,27,0,0.048777103617410479,0.139504375132287,0.090727271514876529,1,0.68000000000000005
2,27,1,0.01627779655442349,0.18646261314826237,0.17018481659383888,1,0.51500000000000001
2,28,0,0.11601105892705771,0.14255119112282236,0.026540132195764649,0,0.96499999999999997
2,28,1,0.082413549726636393,0.13206327601578252,0.049649726289146129,0.95999999999999996,0.95999999999999996
2,29,0,0.18761453433568448,0.24420170759510185,0.056587173259417367,0.91000000000000003,0.91000000000000003
2,29,1,0.16630963989034428,0.29612713043689814,0.12981749054655387,0.97499999999999998,0.97499999999999998
2,30,0,0.31762025766715279,0.27019549000074633,-0.047424767666406464,0.28499999999999998,0.71499999999999997
2,30,1,0.045487407907007393,0.12142200388243519,0.075934595975427802,1,0.57999999999999996
2,31,0,0.10086990424977607,0.15678971820617671,0.055919813956400638,1,0.72999999999999998
2,31,1,0.057248642074788074,0.077984730380929429,0.020736088306141355,1,0.72499999999999998
2,32,0,0.0045338427593955566,0.19995747441864067,0.19542363165924512,1,1
2,32,1,0.028380855879419215,0.21506606639716597,0.18668521051774675,0.98499999999999999,0.98499999999999999
2,33,0,0.026850289909369492,0.15841120868556074,0.13156091877619125,1,1
2,33,1,0.061762906771851436,0.17307355748327324,0.11131065071142181,0.95999999999999996,0.95999999999999996
2,34,0,0.51756082545370996,0.31877168100642295,-0.19878914444728701,0.51000000000000001,0.48999999999999999
2,34,1,0.45766538900311587,0.29844904408589223,-0.15921634491722364,0.5,0.5
2,35,0,0.14063545546819195,0.20913412181629742,0.068498666348105475,1,0.52000000000000002
2,35,1,0.022499321613514783,0.10361236394347173,0.081113042329956947,1,0.61499999999999999
2,36,0,0.081027866201297427,0.26292939710921798,0.18190153090792055,1,1
2,36,1,0.057490077871264367,0.26046645156528159,0.20297637369401722,1,1
2,37,0,0.073354164895290438,0.23588660228896857,0.16253243739367812,0.96499999999999997,0.96499999999999997
2,37,1,0.031448317076652708,0.19526987156851791,0.1638215544918652,0.98999999999999999,0.98999999999999999
2,38,0,0.10152764010354359,0.17900517237609306,0.077477532272549471,1,0.68000000000000005
2,38,1,0.061601168952695712,0.10689465403038215,0.045293485077686435,1,0.66500000000000004
2,39,0,0.092191342040163604,0.19375177528446508,0.10156043324430147,0.84999999999999998,0.84999999999999998
2,39,1,0.078282875554000014,0.19159946597818522,0.11331659042418521,0.81000000000000005,0.81000000000000005
2,40,0,0.040105869484118664,0.11036345179756257,0.070257582313443909,1,0.5
2,40,1,0.057092942331673051,0.09704724261798453,0.03995430028631148,1,0.65500000000000003
2,41,0,0.022708971058100103,0.10119145225851124,0.078482481200411139,1,0.48499999999999999
2,41,1,0.072868860607601102,0.13592280321360417,0.063053942606003069,1,0.57999999999999996
2,42,0,0.26910654141970664,0.25042225078870373,-0.018684290631002909,0.375,0.625
2,42,1,0.10412151015897823,0.16995445335396822,0.065832943194989987,1,0.745
2,43,0,0.22912622359337248,0.18977728095928956,-0.039348942634082923,0,0.84999999999999998
2,43,1,0.17524355399189065,0.14013473884625299,-0.035108815145637656,1,0.78500000000000003
2,44,0,0.12658801009976128,0.27207001135673325,0.14548200125697197,0.95999999999999996,0.95999999999999996
2,44,1,0.071811389388618932,0.22749930952794231,0.15568792013932337,0.995,0.995
2,45,0,0.4676877424339787,0.40687083780277583,-0.060816904631202873,0.73499999999999999,0.73499999999999999
2,45,1,0.029184525558163418,0.17660057285109587,0.14741604729293245,0.98499999999999999,0.98499999999999999
2,46,0,0.11831145066927982,0.29122038806110195,0.17290893739182212,0.255,0.745
2,46,1,0.10111094069078164,0.17773563339868925,0.076624692707907616,1,0.70999999999999996
2,47,0,0.14120939162186336,0.2144001264238852,0.073190734802021845,1,0.57499999999999996
2,47,1,0.088911558060455212,0.1623921474985725,0.073480589438117291,1,0.82499999999999996
2,48,0,0.079176474891689122,0.14762368256585887,0.068447207674169744,1,0.64500000000000002
2,48,1,0.004811906048985598,0.17754269052430063,0.17273078447531504,1,0.51000000000000001
2,49,0,0.14030271467503908,0.14073189466391603,0.0004291799888769543,1,0.81000000000000005
2,49,1,0.1358366368913253,0.12717306189594624,-0.0086635749953790642,1,0.81000000000000005
2,50,0,0.010957245333558822,0.11483844356592796,0.10388119823236913,1,0.54500000000000004
2,50,1,0.012074765819563767,0.11254258476819619,0.10046781894863242,1,0.53000000000000003
2,51,0,0.058012835675118203,0.17131186612395274,0.11329903044883455,1,0.70999999999999996
2,51,1,0.30345510957090577,0.24526312380612661,-0.058191985764779158,0.46000000000000002,0.54000000000000004
2,52,0,0.1853069047145845,0.15224401231133206,-0.033062892403252442,1,0.87
2,52,1,0.12557933194138651,0.11878200771385536,-0.0067973242275311541,1,0.80000000000000004
2,53,0,0.058094748921670068,0.14039895724351178,0.08230420832184171,1,0.57999999999999996
2,53,1,0.083697477993658898,0.14896925785960191,0.065271779865943014,1,0.65000000000000002
2,54,0,0.061229665785635934,0.18284293272550245,0.12161326693986652,1,0.60999999999999999
2,54,1,0.45111587340217196,0.24369278521835006,-0.20742308818382191,0.35999999999999999,0.64000000000000001
4,1,0,0.21720317445542289,0.17303058809526115,-0.044172586360161747,0.88,0.88
4,1,1,0.080766634924754263,0.15647117806763441,0.075704543142880151,0.93500000000000005,0.93500000000000005
4,2,0,0.21237739707444889,0.085445473764945851,-0.12693192330950304,0,0.98999999999999999
4,2,1,0.22161172851434416,0.10339789718677203,-0.11821383132757213,0,0.94499999999999995
4,3,0,0.044101698420422226,0.17225744456097503,0.12815574614055281,0.98999999999999999,0.98999999999999999
4,3,1,0.065637124075864306,0.15865480400566248,0.093017679929798175,1,1
4,4,0,0.11020606216823189,0.15222030329586894,0.042014241127637048,1,0.75
4,4,1,0.044691609222871499,0.053250792678882206,0.0085591834560107063,1,0.70999999999999996
4,5,0,0.075196173521416415,0.11304029988794075,0.03784412636652433,0.995,0.995
4,5,1,0.016755742570308808,0.11073762750829715,0.093981884937988341,1,1
4,6,0,0.057896712866441859,0.12587204887562048,0.067975336009178627,1,0.68500000000000005
4,6,1,0.1292765815257276,0.11419404232523533,-0.015082539200492268,1,0.81000000000000005
4,7,0,0.41391784683104377,0.19209827854844044,-0.22181956828260332,0.47499999999999998,0.52500000000000002
4,7,1,0.51087949440796532,0.24934446987527728,-0.26153502453268807,0.30499999999999999,0.69499999999999995
4,8,0,0.2445783137856439,0.17069179782727925,-0.073886515958364651,0.27500000000000002,0.72499999999999998
4,8,1,0.24907299194528026,0.1913213527623093,-0.057751639182970965,0.17499999999999999,0.82499999999999996
4,9,0,0.05474243380196487,0.11546193701659085,0.060719503214625985,0,0.97499999999999998
4,9,1,0.1936061017932704,0.11076302426333377,-0.082843077529936623,1,0.91500000000000004
4,10,0,0.16840789577774345,0.17585895603446056,0.0074510602567171014,1,0.70499999999999996
4,10,1,0.080714461311743826,0.10458341192386136,0.023868950612117537,1,0.67500000000000004
4,11,0,0.014166066667153421,0.10047904761802032,0.086312980950866897,1,0.505
4,11,1,0.019099498229275896,0.085478906399850063,0.066379408170574167,1,0.59999999999999998
4,12,0,0.10051375304635669,0.11112678141171567,0.010613028365358976,1,0.71499999999999997
4,12,1,0.12642319465343665,0.12073192280861603,-0.0056912718448206279,1,0.79500000000000004
4,13,0,0.090445683259613927,0.10912389417153082,0.01867821091191689,1,0.72999999999999998
4,13,1,0.05159202391631857,0.10656297620260059,0.054970952286282022,1,0.70499999999999996
4,14,0,0.094748763864659011,0.084491020216135915,-0.010257743648523096,1,0.83499999999999996
4,14,1,0.14039154689867531,0.12154633482297518,-0.018845212075700127,1,0.81999999999999995
4,15,0,0.060506677080904743,0.10258916929544164,0.042082492214536894,1,0.70499999999999996
4,15,1,0.044430986805988691,0.10662884159384717,0.062197854787858477,1,0.67500000000000004
4,16,0,0.35572859031851928,0.19280174642258571,-0.16292684389593357,0.29499999999999998,0.70499999999999996
4,16,1,0.0010282315821628918,0.11329573248554226,0.11226750090337936,1,0.51000000000000001
4,17,0,0.19193474794914905,0.087009526314694094,-0.10492522163445496,1,0.96499999999999997
4,17,1,0.10154303760778502,0.12104922933984245,0.019506191732057435,1,0.91500000000000004
4,18,0,0.09347945754744455,0.15278508819172321,0.059305630644278656,1,1
4,18,1,0.082382045400489337,0.10731360163255779,0.024931556232068455,0.98499999999999999,0.98499999999999999
4,19,0,0.069655725599786902,0.15182368244940395,0.082167956849617044,0.96999999999999997,0.96999999999999997
4,19,1,0.091822431319534437,0.14770647307431284,0.055884041754778402,0.85499999999999998,0.85499999999999998
4,20,0,0.11027746291446736,0.089084583134302092,-0.021192879780165264,1,0.83999999999999997
4,20,1,0.14289589734316221,0.08853175968076972,-0.054364137662392495,1,0.90500000000000003
4,21,0,0.014794284013547654,0.13491051114437652,0.12011622713082887,1,1
4,21,1,0.0096377536441875078,0.13329097123347974,0.12365321758929224,1,1
4,22,0,0.092404928233987646,0.153690873830408,0.061285945596420352,0.87,0.87
4,22,1,0.12422000802000593,0.10529989684020456,-0.018920111179801372,1,0.875
4,23,0,0.057266995150648592,0.099167282961511963,0.041900287810863371,1,1
4,23,1,0.059307768948504168,0.12822526753114916,0.068917498582644982,0.96499999999999997,0.96499999999999997
4,24,0,0.072977419319176229,0.10460090635434682,0.031623487035170594,1,0.67500000000000004
4,24,1,0.055102708734562904,0.10002353223460161,0.04492082350003871,1,0.70499999999999996
4,25,0,0.150769462085527,0.15174725671095846,0.00097779462543146067,1,0.70499999999999996
4,25,1,0.022886945002749459,0.13515457440264986,0.1122676293999004,1,0.53000000000000003
4,26,0,0.029277079520287633,0.11810145819687846,0.088824378676590834,1,0.5
4,26,1,0.1632122235152616,0.13423534882855198,-0.028976874686709619,1,0.63500000000000001
4,27,0,0.048777103617410479,0.10065186949216509,0.051874765874754612,1,0.67000000000000004
4,27,1,0.01627779655442349,0.11329186260166675,0.097014066047243261,1,0.54500000000000004
4,28,0,0.10635050073422081,0.10671292174812998,0.00036242101390916714,0,0.98999999999999999
4,28,1,0.068422416681904963,0.10070505885000419,0.032282642168099229,0.98999999999999999,0.98999999999999999
4,29,0,0.13216093587571376,0.19416660280946046,0.062005666933746706,0.97999999999999998,0.97999999999999998
4,29,1,0.1381840243772442,0.22417949235812862,0.085995467980884421,0.995,0.995
4,30,0,0.30057031697247455,0.18427933497448074,-0.11629098199799381,0.23499999999999999,0.76500000000000001
4,30,1,0.045487407907007393,0.087652311429289698,0.042164903522282304,1,0.65500000000000003
4,31,0,0.10086990424977607,0.12056622141626391,0.019696317166487842,1,0.73499999999999999
4,31,1,0.057248642074788074,0.050088244163889364,-0.0071603979108987095,1,0.80500000000000005
4,32,0,0.0045338427593955566,0.13957265133091903,0.13503880857152348,1,1
4,32,1,0.011465797883151996,0.14676246124487913,0.13529666336172713,1,1
4,33,0,0.026850289909369492,0.11818081756698696,0.091330527657617469,1,1
4,33,1,0.049414579616689422,0.14492135353174407,0.095506773915054646,0.97499999999999998,0.97499999999999998
4,34,0,0.51937930711851577,0.23848966410817124,-0.28088964301034453,0.54500000000000004,0.45500000000000002
4,34,1,0.45238706578861937,0.22743761297902551,-0.22494945280959386,0.56000000000000005,0.56000000000000005
4,35,0,0.12852900675050966,0.12876732136730776,0.00023831461679810206,1,0.60999999999999999
4,35,1,0.022499321613514783,0.09432232546262069,0.071823003849105907,1,0.58499999999999996
4,36,0,0.081027866201297427,0.19102579287851712,0.10999792667721969,1,1
4,36,1,0.057490077871264367,0.18635228790862024,0.12886221003735587,1,1
4,37,0,0.038048614404881498,0.17817896315240689,0.14013034874752539,1,1
4,37,1,0.021101469762122519,0.15001100104068832,0.1289095312785658,1,1
4,38,0,0.097443101775522706,0.12126741999547043,0.023824318219947724,1,0.72999999999999998
4,38,1,0.061601168952695712,0.081909589460155627,0.020308420507459915,1,0.68000000000000005
4,39,0,0.05331254262607224,0.1461037165179904,0.092791173891918155,0.92500000000000004,0.92500000000000004
4,39,1,0.062178141265629948,0.13958487608609768,0.077406734820467726,0.84999999999999998,0.84999999999999998
4,40,0,0.040105869484118664,0.089025638108585603,0.048919768624466939,1,0.55500000000000005
4,40,1,0.057092942331673051,0.072430107449238876,0.015337165117565825,1,0.76000000000000001
4,41,0,0.022708971058100103,0.077079588723532377,0.054370617665432275,1,0.64500000000000002
4,41,1,0.072868860607601102,0.08812177308985325,0.015252912482252148,1,0.73999999999999999
4,42,0,0.26998959510071324,0.17082836747631716,-0.099161227624396081,0.38,0.62
4,42,1,0.10412151015897823,0.12076730454202163,0.016645794383043394,1,0.71499999999999997
4,43,0,0.22912622359337248,0.14568272022011172,-0.083443503373260758,0,0.89500000000000002
4,43,1,0.17524355399189065,0.10108821928051415,-0.074155334711376503,1,0.93500000000000005
4,44,0,0.083052215712595245,0.16792506533479001,0.084872849622194768,1,1
4,44,1,0.065183085274716612,0.15784478142578898,0.092661696151072365,1,1
4,45,0,0.42692394765644182,0.31145418916644951,-0.1154697584899923,0.80500000000000005,0.80500000000000005
4,45,1,0.020644396275035629,0.14028414642014841,0.11963975014511279,0.995,0.995
4,46,0,0.1028741104700055,0.19817491838296519,0.095300807912959695,0.215,0.78500000000000003
4,46,1,0.10111094069078164,0.13057863202829359,0.029467691337511953,1,0.67500000000000004
4,47,0,0.13273980881616257,0.14635045847838707,0.0136106496622245,1,0.64500000000000002
4,47,1,0.080768639638396061,0.12198449299961305,0.041215853361216984,1,0.85499999999999998
4,48,0,0.079176474891689122,0.11212827373568957,0.032951798844000443,1,0.65500000000000003
4,48,1,0.004811906048985598,0.10967642619632972,0.10486452014734413,1,0.505
4,49,0,0.14030271467503908,0.10228950396760964,-0.03801321070742944,1,0.83999999999999997
4,49,1,0.1358366368913253,0.092669424379857201,-0.0431672125114681,1,0.88
4,50,0,0.010957245333558822,0.073785046955738273,0.062827801622179449,1,0.55000000000000004
4,50,1,0.012074765819563767,0.081287486448369695,0.069212720628805929,1,0.505
4,51,0,0.061526852772410531,0.1304080234386954,0.068881170666284866,1,0.68999999999999995
4,51,1,0.29502406525261821,0.18674874858269733,-0.10827531666992088,0.40000000000000002,0.59999999999999998
4,52,0,0.1853069047145845,0.12024616001572323,-0.065060744698861264,1,0.92000000000000004
4,52,1,0.12557933194138651,0.090756318199241404,-0.034823013742145109,1,0.87
4,53,0,0.058094748921670068,0.097052309361176828,0.03895756043950676,1,0.67500000000000004
4,53,1,0.083697477993658898,0.11093730387808197,0.027239825884423072,1,0.73999999999999999
4,54,0,0.061229665785635934,0.14753363138722886,0.086303965601592925,1,0.64500000000000002
4,54,1,0.45111587340217196,0.15155899083794838,-0.29955688256422358,0.35999999999999999,0.64000000000000001
8,1,0,0.17548239455816458,0.13164965118523139,-0.043832743372933192,0.96499999999999997,0.96499999999999997
8,1,1,0.052074929464463578,0.10353051201701788,0.051455582552554301,0.98999999999999999,0.98999999999999999
8,2,0,0.21237739707444889,0.051068121889397126,-0.16130927518505175,0,0.995
8,2,1,0.22161172851434416,0.070847197360108471,-0.15076453115423569,0,0.98499999999999999
8,3,0,0.034257594374983213,0.10081829646137482,0.066560702086391602,1,1
8,3,1,0.065637124075864306,0.11628827133766809,0.050651147261803781,1,1
8,4,0,0.11020606216823189,0.096478481153679574,-0.01372758101455232,1,0.82999999999999996
8,4,1,0.044691609222871499,0.037637052919728062,-0.0070545563031434375,1,0.81000000000000005
8,5,0,0.072587882449318769,0.069875613339312442,-0.0027122691100063268,1,1
8,5,1,0.016755742570308808,0.081924533867931762,0.065168791297622958,1,1
8,6,0,0.058631893344487943,0.093106481814442324,0.034474588469954381,1,0.67500000000000004
8,6,1,0.1292765815257276,0.08299115095777107,-0.046285430567956531,1,0.90000000000000002
8,7,0,0.4146377149792228,0.14749756686996554,-0.26714014810925724,0.5,0.5
8,7,1,0.48357170270137162,0.16701366976775261,-0.316558032933619,0.23000000000000001,0.77000000000000002
8,8,0,0.20382504504809745,0.11335606728427562,-0.090468977763821831,0.14499999999999999,0.85499999999999998
8,8,1,0.2539693718687086,0.12953438871999357,-0.12443498314871504,0.19,0.81000000000000005
8,9,0,0.04400660127568596,0.086168285805122743,0.042161684529436784,0,1
8,9,1,0.1936061017932704,0.07753051866112956,-0.11607558313214084,1,0.97499999999999998
8,10,0,0.16840789577774345,0.12341550889510162,-0.04499238688264183,1,0.85999999999999999
8,10,1,0.080714461311743826,0.070488169226052153,-0.010226292085691674,1,0.78500000000000003
8,11,0,0.014166066667153421,0.066995521659957119,0.052829454992803698,1,0.59499999999999997
8,11,1,0.019099498229275896,0.0611325337047878,0.042033035475511904,1,0.65500000000000003
8,12,0,0.10051375304635669,0.068196336955420489,-0.032317416090936205,1,0.875
8,12,1,0.12642319465343665,0.08308909274949107,-0.043334101903945585,1,0.87
8,13,0,0.090445683259613927,0.071902630736135648,-0.018543052523478279,1,0.81999999999999995
8,13,1,0.05159202391631857,0.079883120054691267,0.028291096138372697,1,0.65500000000000003
8,14,0,0.094748763864659011,0.064617499308972107,-0.030131264555686904,1,0.87
8,14,1,0.14039154689867531,0.082610482729167406,-0.057781064169507901,1,0.92000000000000004
8,15,0,0.060506677080904743,0.074860652457635068,0.014353975376730325,1,0.81999999999999995
8,15,1,0.044430986805988691,0.069636989668800484,0.025206002862811792,1,0.66500000000000004
8,16,0,0.35469131395716147,0.14514856992966987,-0.2095427440274916,0.28999999999999998,0.70999999999999996
8,16,1,0.0010282315821628918,0.085638360565339258,0.084610128983176366,1,0.51500000000000001
8,17,0,0.19193474794914905,0.05762775383581472,-0.13430699411333433,1,1
8,17,1,0.091238610372060436,0.089481995967309977,-0.0017566144047504589,1,0.95999999999999996
8,18,0,0.09347945754744455,0.097009012769608452,0.0035295552221639021,1,1
8,18,1,0.074821217769825324,0.080855135119890897,0.0060339173500655735,1,1
8,19,0,0.049172746501972731,0.1022768452827513,0.053104098780778569,1,1
8,19,1,0.040646869850754094,0.095977908082832672,0.055331038232078578,0.96999999999999997,0.96999999999999997
8,20,0,0.11027746291446736,0.064202836841992572,-0.046074626072474784,1,0.92000000000000004
8,20,1,0.14289589734316221,0.067309236147492471,-0.075586661195669744,1,0.93999999999999995
8,21,0,0.014794284013547654,0.089116162550877065,0.074321878537329411,1,1
8,21,1,0.0096377536441875078,0.083621732432900123,0.073983978788712615,1,1
8,22,0,0.053347652034442784,0.09751163377334468,0.044163981738901896,0.95999999999999996,0.95999999999999996
8,22,1,0.12422000802000593,0.074448544271475348,-0.049771463748530587,1,0.88500000000000001
8,23,0,0.057266995150648592,0.074656942522022693,0.017389947371374101,1,1
8,23,1,0.043058274092362653,0.09275988674777072,0.049701612655408067,0.98999999999999999,0.98999999999999999
8,24,0,0.072977419319176229,0.066723232853703768,-0.006254186465472461,1,0.82499999999999996
8,24,1,0.055102708734562904,0.068174703949836116,0.013071995215273212,1,0.72499999999999998
8,25,0,0.1532456093773544,0.10891275963158666,-0.044332849745767747,1,0.68999999999999995
8,25,1,0.022886945002749459,0.088957394330314424,0.066070449327564965,1,0.55000000000000004
8,26,0,0.029277079520287633,0.069373074269037854,0.040095994748750224,1,0.60999999999999999
8,26,1,0.15197265378380859,0.091056204876944755,-0.060916448906863832,1,0.72999999999999998
8,27,0,0.048777103617410479,0.07059252488363818,0.021815421266227701,1,0.68999999999999995
8,27,1,0.01627779655442349,0.085240642927566904,0.068962846373143413,1,0.56499999999999995
8,28,0,0.10248627745708604,0.066635718515103318,-0.035850558941982719,0,1
8,28,1,0.063758705666994472,0.076690987487670961,0.012932281820676489,1,1
8,29,0,0.12027802192000575,0.12539133616564113,0.0051133142456353808,0.995,0.995
8,29,1,0.13115262049896917,0.15479855701367765,0.023645936514708477,1,1
8,30,0,0.27670039999992513,0.13359697947967519,-0.14310342052024994,0.16500000000000001,0.83499999999999996
8,30,1,0.045487407907007393,0.059321870307994386,0.013834462400986992,1,0.68000000000000005
8,31,0,0.10086990424977607,0.076901707830901514,-0.023968196418874557,1,0.83999999999999997
8,31,1,0.057248642074788074,0.04087707997801384,-0.016371562096774234,1,0.84999999999999998
8,32,0,0.0045338427593955566,0.10428961865551742,0.099755775896121862,1,1
8,32,1,0.011465797883151996,0.10429241152055919,0.092826613637407199,1,1
8,33,0,0.026850289909369492,0.086398757674032628,0.059548467764663132,1,1
8,33,1,0.028834034358086052,0.090687026278847685,0.06185299192076163,1,1
8,34,0,0.51911952402354355,0.16894485105005444,-0.35017467297348914,0.54000000000000004,0.46000000000000002
8,34,1,0.45062762471712065,0.15303662884771455,-0.29759099586940607,0.57999999999999996,0.57999999999999996
8,35,0,0.12382094336029986,0.095705289929899878,-0.028115653430399984,1,0.64500000000000002
8,35,1,0.022499321613514783,0.062747600247646376,0.040248278634131593,1,0.60999999999999999
8,36,0,0.081027866201297427,0.14091235429219895,0.059884488090901522,1,1
8,36,1,0.057490077871264367,0.13737069135962948,0.079880613488365115,1,1
8,37,0,0.038048614404881498,0.11849601892563306,0.080447404520751567,1,1
8,37,1,0.021101469762122519,0.098082428330551238,0.076980958568428723,1,1
8,38,0,0.08968247895228304,0.085856418022928371,-0.0038260609293546688,1,0.82499999999999996
8,38,1,0.061601168952695712,0.053620654288331411,-0.0079805146643643007,1,0.78500000000000003
8,39,0,0.017025663172920272,0.10531587555735315,0.088290212384432881,0.995,0.995
8,39,1,0.025942489116797276,0.10188142403316626,0.07593893491636898,0.93999999999999995,0.93999999999999995
8,40,0,0.040105869484118664,0.057364497376475858,0.017258627892357194,1,0.68500000000000005
8,40,1,0.057092942331673051,0.052513222649224908,-0.0045797196824481426,1,0.79000000000000004
8,41,0,0.022708971058100103,0.056656335832099669,0.033947364773999567,1,0.54500000000000004
8,41,1,0.072868860607601102,0.05844866761450182,-0.014420192993099282,1,0.85999999999999999
8,42,0,0.24614714571353424,0.12088746072847265,-0.1252596849850616,0.245,0.755
8,42,1,0.10412151015897823,0.087827719463657541,-0.016293790695320692,1,0.81000000000000005
8,43,0,0.22912622359337248,0.0984854699713021,-0.13064075362207039,0,0.96499999999999997
8,43,1,0.17524355399189065,0.071874884372371883,-0.10336866961951877,1,0.98999999999999999
8,44,0,0.083052215712595245,0.13643257120647254,0.053380355493877291,1,1
8,44,1,0.065183085274716612,0.11587457195602249,0.050691486681305881,1,1
8,45,0,0.38616015287890476,0.18660944110272276,-0.199550711776182,0.875,0.875
8,45,1,0.016374331633471739,0.089301753827339236,0.072927422193867497,1,1
8,46,0,0.056562089872182551,0.13423961657543321,0.077677526703250649,0.095000000000000001,0.90500000000000003
8,46,1,0.10111094069078164,0.089466957922149759,-0.011643982768631878,1,0.77500000000000002
8,47,0,0.13092489821494099,0.10088863678224545,-0.030036261432695541,1,0.66000000000000003
8,47,1,0.052268425161189062,0.083222525780650744,0.030954100619461682,1,0.95999999999999996
8,48,0,0.079176474891689122,0.071684324223247567,-0.0074921506684415551,1,0.85999999999999999
8,48,1,0.004811906048985598,0.082153519544857667,0.077341613495872069,1,0.59499999999999997
8,49,0,0.14030271467503908,0.068592880212241844,-0.071709834462797231,1,0.94999999999999996
8,49,1,0.1358366368913253,0.06983209778273998,-0.066004539108585322,1,0.94499999999999995
8,50,0,0.010957245333558822,0.054926781414087064,0.04396953608052824,1,0.56999999999999995
8,50,1,0.012074765819563767,0.063647514436139738,0.051572748616575972,1,0.46500000000000002
8,51,0,0.043078263011625845,0.091991384652211072,0.048913121640585228,1,0.79500000000000004
8,51,1,0.28589043390780661,0.12192379073157918,-0.16396664317622744,0.33500000000000002,0.66500000000000004
8,52,0,0.1853069047145845,0.07851630636035381,-0.10679059835423069,1,0.97999999999999998
8,52,1,0.12557933194138651,0.067282713308969677,-0.058296618632416836,1,0.92000000000000004
8,53,0,0.058094748921670068,0.068069803601398568,0.0099750546797284997,1,0.78500000000000003
8,53,1,0.083697477993658898,0.06710194229552903,-0.016595535698129868,1,0.81499999999999995
8,54,0,0.061229665785635934,0.084833685430682135,0.023604019645046201,1,0.71999999999999997
8,54,1,0.44338036523460189,0.15008059935990142,-0.29329976587470047,0.30499999999999999,0.69499999999999995
16,1,0,0.16075741341795574,0.079911942650399886,-0.080845470767555855,0.995,0.995
16,1,1,0.046858255744410736,0.071765722322376296,0.02490746657796556,1,1
16,2,0,0.21237739707444889,0.038066713919275859,-0.17431068315517304,0,1
16,2,1,0.22161172851434416,0.051004484094316925,-0.17060724442002723,0,1
16,3,0,0.034257594374983213,0.071810689471997424,0.037553095097014211,1,1
16,3,1,0.065637124075864306,0.072313869179139997,0.0066767451032756914,1,1
16,4,0,0.11020606216823189,0.077408940677435339,-0.032797121490796555,1,0.86499999999999999
16,4,1,0.044691609222871499,0.026087287426787134,-0.018604321796084365,1,0.89500000000000002
16,5,0,0.072587882449318769,0.052144839215242378,-0.020443043234076391,1,1
16,5,1,0.016755742570308808,0.053859995803981438,0.037104253233672627,1,1
16,6,0,0.047971776412819855,0.058368318431245216,0.01039654201842536,1,0.81999999999999995
16,6,1,0.1292765815257276,0.056471219532748619,-0.07280536199297899,1,0.97999999999999998
16,7,0,0.41262208416432161,0.09281555253960036,-0.31980653162472128,0.42999999999999999,0.56999999999999995
16,7,1,0.4380587165237152,0.11855943209387722,-0.31949928442983799,0.105,0.89500000000000002
16,8,0,0.17874611044037653,0.078880390213436111,-0.099865720226940416,0.065000000000000002,0.93500000000000005
16,8,1,0.21153407919899625,0.083791392140214291,-0.12774268705878195,0.059999999999999998,0.93999999999999995
16,9,0,0.04400660127568596,0.051708026552500605,0.0077014252768146454,0,1
16,9,1,0.1936061017932704,0.053277740131245963,-0.14032836166202445,1,1
16,10,0,0.16840789577774345,0.075965499263244057,-0.092442396514499398,1,0.94999999999999996
16,10,1,0.080714461311743826,0.044156162289535367,-0.03655829902220846,1,0.91500000000000004
16,11,0,0.014166066667153421,0.042776986242834637,0.028610919575681217,1,0.64000000000000001
16,11,1,0.019099498229275896,0.042377227464931957,0.023277729235656061,1,0.70499999999999996
16,12,0,0.10051375304635669,0.044077197017590546,-0.056436556028766148,1,0.97499999999999998
16,12,1,0.12642319465343665,0.058096385336358559,-0.068326809317078102,1,0.94499999999999995
16,13,0,0.090445683259613927,0.048346465077109879,-0.042099218182504047,1,0.92500000000000004
16,13,1,0.05159202391631857,0.054692443023372138,0.0031004191070535675,1,0.76000000000000001
16,14,0,0.094748763864659011,0.036879072052208299,-0.057869691812450712,1,0.97999999999999998
16,14,1,0.14039154689867531,0.055205640906730372,-0.085185905991944935,1,0.97499999999999998
16,15,0,0.060506677080904743,0.055705873420171519,-0.0048008036607332244,1,0.82499999999999996
16,15,1,0.044430986805988691,0.049247524682162973,0.0048165378761742816,1,0.73999999999999999
16,16,0,0.33083395764593165,0.09112796658576805,-0.2397059910601636,0.17499999999999999,0.82499999999999996
16,16,1,0.0010282315821628918,0.059232240352754248,0.058204008770591356,1,0.5
16,17,0,0.19193474794914905,0.039535832407608981,-0.15239891554154006,1,1
16,17,1,0.082079119495860789,0.060581242108200338,-0.021497877387660451,1,1
16,18,0,0.09347945754744455,0.067548974388922489,-0.025930483158522061,1,1
16,18,1,0.074821217769825324,0.054684509006625144,-0.02013670876320018,1,1
16,19,0,0.049172746501972731,0.063854793221314182,0.014682046719341452,1,1
16,19,1,0.027296723380637485,0.064511852807766917,0.037215129427129429,1,1
16,20,0,0.11027746291446736,0.043140138280128595,-0.06713732463433876,1,0.98999999999999999
16,20,1,0.14289589734316221,0.044362498902355725,-0.098533398440806497,1,0.995
16,21,0,0.014794284013547654,0.063734426250204021,0.048940142236656367,1,1
16,21,1,0.0096377536441875078,0.062491024821891665,0.052853271177704157,1,1
16,22,0,0.035988862612422838,0.069056132409831938,0.0330672697974091,1,1
16,22,1,0.12422000802000593,0.055228298695081307,-0.068991709324924627,1,0.93500000000000005
16,23,0,0.057266995150648592,0.053874604294554179,-0.0033923908560944127,1,1
16,23,1,0.036558476149906038,0.065970451464603827,0.029411975314697789,1,1
16,24,0,0.072977419319176229,0.047994022072480609,-0.02498339724669562,1,0.89500000000000002
16,24,1,0.055102708734562904,0.044905912532002032,-0.010196796202560872,1,0.79500000000000004
16,25,0,0.1367379607651717,0.080612516292873901,-0.056125444472297795,1,0.79000000000000004
16,25,1,0.022886945002749459,0.060112628154116637,0.037225683151367178,1,0.60499999999999998
16,26,0,0.029277079520287633,0.051566154375985176,0.022289074855697543,1,0.63
16,26,1,0.14605709076725437,0.061370080322168771,-0.0846870104450856,1,0.78000000000000003
16,27,0,0.048777103617410479,0.046068876843556691,-0.0027082267738537877,1,0.80000000000000004
16,27,1,0.01627779655442349,0.0591095200468367,0.04283172349241321,1,0.59999999999999998
16,28,0,0.10248627745708604,0.04779834524430452,-0.054687932212781516,0,1
16,28,1,0.063758705666994472,0.051575068784974906,-0.012183636882019566,1,1
16,29,0,0.11631705060143639,0.085264259611458962,-0.03105279098997743,1,1
16,29,1,0.13115262049896917,0.10910190344749494,-0.022050717051474225,1,1
16,30,0,0.24942049488843998,0.092620383370568896,-0.1568001115178711,0.085000000000000006,0.91500000000000004
16,30,1,0.045487407907007393,0.044376898621656398,-0.0011105092853509954,1,0.82499999999999996
16,31,0,0.10086990424977607,0.047898695852981926,-0.052971208396794145,1,0.96999999999999997
16,31,1,0.057248642074788074,0.023453403474597626,-0.033795238600190444,1,0.96999999999999997
16,32,0,0.0045338427593955566,0.063080712288114016,0.058546869528718459,1,1
16,32,1,0.011465797883151996,0.064693961677791761,0.053228163794639766,1,1
16,33,0,0.026850289909369492,0.053467852184199582,0.02661756227483009,1,1
16,33,1,0.028834034358086052,0.064912256870962887,0.036078222512876831,1,1
16,34,0,0.51340429593415382,0.12171664566381249,-0.39168765027034136,0.42999999999999999,0.56999999999999995
16,34,1,0.44271013989537589,0.087449587106777554,-0.35526055278859836,0.67000000000000004,0.67000000000000004
16,35,0,0.10431610931514503,0.060166166813964667,-0.044149942501180359,1,0.79000000000000004
16,35,1,0.022499321613514783,0.045963385877688973,0.023464064264174189,1,0.71999999999999997
16,36,0,0.081027866201297427,0.10221507792891991,0.021187211727622488,1,1
16,36,1,0.057490077871264367,0.086141893342785547,0.02865181547152118,1,1
16,37,0,0.038048614404881498,0.082543623451111159,0.044495009046229661,1,1
16,37,1,0.021101469762122519,0.074965259421444982,0.053863789659322467,1,1
16,38,0,0.079879586965032931,0.061797824085833203,-0.018081762879199728,1,0.94499999999999995
16,38,1,0.061601168952695712,0.034621063016860541,-0.026980105935835171,1,0.93000000000000005
16,39,0,0.01443374321198085,0.067510252122456149,0.053076508910475301,1,1
16,39,1,0.003798479470288425,0.064412322871130176,0.060613843400841749,0.995,0.995
16,40,0,0.040105869484118664,0.039903146689168001,-0.00020272279495066325,1,0.755
16,40,1,0.057092942331673051,0.033953086819534052,-0.023139855512138999,1,0.875
16,41,0,0.022708971058100103,0.036849798536171235,0.014140827478071133,1,0.66000000000000003
16,41,1,0.072868860607601102,0.039840563374135086,-0.033028297233466015,1,0.92000000000000004
16,42,0,0.24349798467051437,0.079182851786674016,-0.16431513288384036,0.23000000000000001,0.77000000000000002
16,42,1,0.10412151015897823,0.057139757838353802,-0.046981752320624431,1,0.93000000000000005
16,43,0,0.22912622359337248,0.070374334164486879,-0.1587518894288856,0,0.98999999999999999
16,43,1,0.17524355399189065,0.045262457306124666,-0.12998109668576599,1,1
16,44,0,0.083052215712595245,0.075642236349949238,-0.0074099793626460075,1,1
16,44,1,0.065183085274716612,0.079838376766959873,0.014655291492243261,1,1
16,45,0,0.33083785996653303,0.14137931081792779,-0.18945854914860524,0.96999999999999997,0.96999999999999997
16,45,1,0.016374331633471739,0.062644049063564869,0.04626971743009313,1,1
16,46,0,0.046913752247636109,0.099511180941593405,0.052597428693957296,0.070000000000000007,0.93000000000000005
16,46,1,0.10111094069078164,0.059545274310195878,-0.041565666380585758,1,0.88500000000000001
16,47,0,0.12850501741331219,0.070462564200299463,-0.058042453213012726,1,0.68000000000000005
16,47,1,0.04141120059844354,0.06468499564402809,0.02327379504558455,1,1
16,48,0,0.079176474891689122,0.053597858852488495,-0.025578616039200627,1,0.88
16,48,1,0.004811906048985598,0.054847313183934591,0.050035407134948993,1,0.505
16,49,0,0.14030271467503908,0.050725874573546256,-0.089576840101492819,1,0.98999999999999999
16,49,1,0.1358366368913253,0.047331736392922145,-0.08850490049840315,1,0.97999999999999998
16,50,0,0.010957245333558822,0.037742596849061616,0.026785351515502792,1,0.57499999999999996
16,50,1,0.012074765819563767,0.035588005563507517,0.023513239743943752,1,0.57499999999999996
16,51,0,0.028143690348133479,0.061939892983599414,0.033796202635465934,1,0.88
16,51,1,0.27324386743037521,0.086007222060803912,-0.1872366453695713,0.245,0.755
16,52,0,0.1853069047145845,0.052239396307730938,-0.13306750840685355,1,0.995
16,52,1,0.12557933194138651,0.043107454388532147,-0.082471877552854372,1,0.98999999999999999
16,53,0,0.058094748921670068,0.049913940749061456,-0.0081808081726086126,1,0.79000000000000004
16,53,1,0.083697477993658898,0.052049596260203862,-0.031647881733455036,1,0.92000000000000004
16,54,0,0.061229665785635934,0.061006840335349234,-0.0002228254502866997,1,0.755
16,54,1,0.43634808508226564,0.10460383928736788,-0.33174424579489775,0.255,0.745
32,1,0,0.15830324989458761,0.057424026750527629,-0.10087922314405998,1,1
32,1,1,0.046858255744410736,0.04359348305278319,-0.003264772691627546,1,1
32,2,0,0.21237739707444889,0.023411933850132644,-0.18896546322431623,0,1
32,2,1,0.22161172851434416,0.031558045178329407,-0.19005368333601474,0,1
32,3,0,0.034257594374983213,0.044637898678945416,0.010380304303962203,1,1
32,3,1,0.065637124075864306,0.044939570781923288,-0.020697553293941018,1,1
32,4,0,0.11020606216823189,0.057094826880367905,-0.053111235287863989,1,0.97499999999999998
32,4,1,0.044691609222871499,0.016681547010792309,-0.02801006221207919,1,0.97499999999999998
32,5,0,0.072587882449318769,0.032990748437649146,-0.039597134011669623,1,1
32,5,1,0.016755742570308808,0.036066132818640267,0.01931039024833146,1,1
32,6,0,0.043193103305520369,0.041701464854328414,-0.0014916384511919553,1,0.88500000000000001
32,6,1,0.1292765815257276,0.030203473535848069,-0.099073107989879533,1,1
32,7,0,0.41334195231250059,0.058768884345605857,-0.35457306796689475,0.45500000000000002,0.54500000000000004
32,7,1,0.40528936647580266,0.070140196008133204,-0.33514917046766945,0.014999999999999999,0.98499999999999999
32,8,0,0.15836947607160329,0.053143956926776516,-0.10522551914482678,0,1
32,8,1,0.19521281278756841,0.056159093014609966,-0.13905371977295844,0.01,0.98999999999999999
32,9,0,0.04400660127568596,0.033366522680319297,-0.010640078595366663,0,1
32,9,1,0.1936061017932704,0.031825323013664891,-0.16178077877960551,1,1
32,10,0,0.16840789577774345,0.049311538899614191,-0.11909635687812926,1,1
32,10,1,0.080714461311743826,0.027718316930702692,-0.052996144381041138,1,0.995
32,11,0,0.014166066667153421,0.027784530031835633,0.013618463364682212,1,0.72499999999999998
32,11,1,0.019099498229275896,0.025021233503457127,0.0059217352741812307,1,0.78000000000000003
32,12,0,0.10051375304635669,0.029323564848725274,-0.071190188197631427,1,0.995
32,12,1,0.12642319465343665,0.035423598243575639,-0.090999596409861022,1,1
32,13,0,0.090445683259613927,0.031041211954293033,-0.059404471305320894,1,0.995
32,13,1,0.05159202391631857,0.032390953641888147,-0.019201070274430423,1,0.87
32,14,0,0.094748763864659011,0.026691526887170358,-0.068057236977488653,1,1
32,14,1,0.14039154689867531,0.035889337640037447,-0.10450220925863786,1,1
32,15,0,0.060506677080904743,0.037953909065974602,-0.022552768014930141,1,0.96499999999999997
32,15,1,0.044430986805988691,0.029887080250220074,-0.014543906555768617,1,0.875
32,16,0,0.31631208858692211,0.066764583230235278,-0.24954750535668685,0.105,0.89500000000000002
32,16,1,0.0010282315821628918,0.035982447780710428,0.034954216198547536,1,0.53000000000000003
32,17,0,0.19193474794914905,0.02446190563281684,-0.16747284231633222,1,1
32,17,1,0.082079119495860789,0.033510543552844524,-0.048568575943016265,1,1
32,18,0,0.09347945754744455,0.044918383743089658,-0.048561073804354891,1,1
32,18,1,0.074821217769825324,0.02978325150299593,-0.045037966266829391,1,1
32,19,0,0.049172746501972731,0.045348163454286529,-0.0038245830476862017,1,1
32,19,1,0.027296723380637485,0.038548201241732617,0.011251477861095132,1,1
32,20,0,0.11027746291446736,0.027844546289001314,-0.082432916625466035,1,1
32,20,1,0.14289589734316221,0.026222052255797931,-0.11667384508736428,1,1
32,21,0,0.014794284013547654,0.039086381411855331,0.024292097398307677,1,1
32,21,1,0.0096377536441875078,0.041815540988639516,0.032177787344452008,1,1
32,22,0,0.035988862612422838,0.039292448518972865,0.0033035859065500273,1,1
32,22,1,0.12422000802000593,0.035048689140842006,-0.089171318879163936,1,1
32,23,0,0.057266995150648592,0.030936626984624117,-0.026330368166024475,1,1
32,23,1,0.036558476149906038,0.04291438874400063,0.0063559125940945913,1,1
32,24,0,0.072977419319176229,0.030086370697579721,-0.042891048621596511,1,0.97499999999999998
32,24,1,0.055102708734562904,0.028759118849894256,-0.026343589884668648,1,0.92000000000000004
32,25,0,0.1194049297223799,0.046344716645649306,-0.073060213076730593,1,0.89500000000000002
32,25,1,0.022886945002749459,0.039780485135386005,0.016893540132636546,1,0.60999999999999999
32,26,0,0.029277079520287633,0.030961135991331556,0.0016840564710439224,1,0.71999999999999997
32,26,1,0.13777530254407844,0.043207844896769647,-0.094567457647308784,1,0.84999999999999998
32,27,0,0.048777103617410479,0.027340200547773273,-0.021436903069637206,1,0.91500000000000004
32,27,1,0.01627779655442349,0.034514151389759253,0.018236354835335762,1,0.67000000000000004
32,28,0,0.10248627745708604,0.028713377553343866,-0.073772899903742167,0,1
32,28,1,0.063758705666994472,0.029907052060327257,-0.033851653606667212,1,1
32,29,0,0.11631705060143639,0.061255677873620247,-0.055061372727816145,1,1
32,29,1,0.13115262049896917,0.072393456897195702,-0.058759163601773468,1,1
32,30,0,0.22384558384642275,0.059209553307580674,-0.16463603053884207,0.01,0.98999999999999999
32,30,1,0.045487407907007393,0.026353523327956555,-0.019133884579050839,1,0.875
32,31,0,0.10086990424977607,0.031978994389328996,-0.068890909860447075,1,0.98999999999999999
32,31,1,0.057248642074788074,0.016478849557743844,-0.040769792517044226,1,0.98499999999999999
32,32,0,0.0045338427593955566,0.044740953521911209,0.040207110762515652,1,1
32,32,1,0.011465797883151996,0.043953129675574354,0.032487331792422358,1,1
32,33,0,0.026850289909369492,0.033824566980971381,0.0069742770716018886,1,1
32,33,1,0.028834034358086052,0.038362193581641682,0.0095281592235556302,1,1
32,34,0,0.51470321140901509,0.072618366094307316,-0.44208484531470776,0.45500000000000002,0.54500000000000004
32,34,1,0.43391293453788171,0.06807682583180745,-0.36583610870607425,0.77000000000000002,0.77000000000000002
32,35,0,0.094227402050409748,0.045100447670691685,-0.049126954379718063,1,0.86499999999999999
32,35,1,0.022499321613514783,0.026851966794429874,0.0043526451809150907,1,0.84999999999999998
32,36,0,0.081027866201297427,0.056237284969726957,-0.02479058123157047,1,1
32,36,1,0.057490077871264367,0.05277027191092383,-0.0047198059603405368,1,1
32,37,0,0.038048614404881498,0.052133106780381494,0.014084492375499996,1,1
32,37,1,0.021101469762122519,0.044345251347132068,0.023243781585009549,1,1
32,38,0,0.076203502469814138,0.035030213423361461,-0.041173289046452677,1,0.98999999999999999
32,38,1,0.061601168952695712,0.021758984607631857,-0.039842184345063855,1,0.97499999999999998
32,39,0,0.01443374321198085,0.041955846848897964,0.027522103636917115,1,1
32,39,1,0.0017853876842421656,0.039656946219833088,0.037871558535590925,1,1
32,40,0,0.040105869484118664,0.025481507706966965,-0.0146243617771517,1,0.85999999999999999
32,40,1,0.057092942331673051,0.020684025154479341,-0.03640891717719371,1,0.96999999999999997
32,41,0,0.022708971058100103,0.022076910502564728,-0.00063206055553537491,1,0.73999999999999999
32,41,1,0.072868860607601102,0.024703003096603525,-0.048165857510997577,1,0.98499999999999999
32,42,0,0.22053858896434198,0.051554108399777053,-0.16898448056456492,0.10000000000000001,0.90000000000000002
32,42,1,0.10412151015897823,0.037140542351787514,-0.066980967807190719,1,0.97999999999999998
32,43,0,0.22912622359337248,0.043318548314285873,-0.18580767527908659,0,1
32,43,1,0.17524355399189065,0.027671524937034439,-0.14757202905485622,1,1
32,44,0,0.083052215712595245,0.056599654947727701,-0.026452560764867544,1,1
32,44,1,0.065183085274716612,0.049526906653719581,-0.015656178620997031,1,1
32,45,0,0.3133676622047315,0.090286953908147713,-0.22308070829658377,1,1
32,45,1,0.016374331633471739,0.040101072834955669,0.023726741201483929,1,1
32,46,0,0.023757741948724629,0.058435210750642085,0.034677468801917452,0.01,0.98999999999999999
32,46,1,0.10111094069078164,0.039239997386609889,-0.061870943304171748,1,0.97999999999999998
32,47,0,0.11277579220272507,0.044646687378347212,-0.068129104824377867,1,0.81000000000000005
32,47,1,0.04141120059844354,0.0324237103238528,-0.0089874902745907398,1,1
32,48,0,0.079176474891689122,0.03591538599148416,-0.043261088900204962,1,0.94999999999999996
32,48,1,0.004811906048985598,0.035336716146039358,0.03052481009705376,1,0.56999999999999995
32,49,0,0.14030271467503908,0.030035958027711931,-0.11026675664732714,1,1
32,49,1,0.1358366368913253,0.029290315022923102,-0.1065463218684022,1,1
32,50,0,0.010957245333558822,0.023799889758313219,0.012842644424754397,1,0.56999999999999995
32,50,1,0.012074765819563767,0.025785209261911059,0.013710443442347292,1,0.56000000000000005
32,51,0,0.009695100587348791,0.039833450068268411,0.030138349480919618,1,0.98499999999999999
32,51,1,0.26481282311208759,0.056421885020586232,-0.20839093809150136,0.185,0.81499999999999995
32,52,0,0.1853069047145845,0.033122504528808702,-0.15218440018577578,1,1
32,52,1,0.12557933194138651,0.026005268341135698,-0.099574063600250812,1,1
32,53,0,0.058094748921670068,0.030029550523828021,-0.028065198397842047,1,0.92500000000000004
32,53,1,0.083697477993658898,0.031364308733856511,-0.052333169259802387,1,0.98499999999999999
32,54,0,0.061229665785635934,0.038584050540721185,-0.022645615244914749,1,0.88500000000000001
32,54,1,0.43775454111273293,0.072970981986942324,-0.36478355912579064,0.26500000000000001,0.73499999999999999
